ticket_id,ticket_text,priority
1004298,"dear  ph_user as requested we have listed application related vulnerabilities , lets upgrade tls version in test environment and close all ph_technical . vulnerabilities ip port tls ph_path server is enabling the beast attack ph_ip_address ph_technical,ph_technical ,ph_technical tls server supports tls version 1.0 ph_ip_address ph_technical ph_technical ph_technical tls ph_path server is enabling the beast attack ph_ip_address ph_technical ph_technical tls ph_path server supports ph_technical cipher algorithms (ph_technical) ph_ip_address ph_technical below are web ph_technical please advice how to disable http for  below servers : vulnerabilities ip port http trace method enabled ph_ip_address ph_technical ph_technical ph_technical dear  ph_user our iso team preform a scanning on both uat servers ph_ip_address , ph_ip_address to test the fixed ph_technical but unfortunately still we can see same vulnerabilities are open . please refer to attached excel sheet where you can find list of tls ph_path related ph_technical and http trace method enabled ph_technical are still reported . dear  ph_user attached . greetings the attached mail contains the list of recommended ciphers for ph_technical . ph_technical dear  ph_user please provide production file fixes so that will move same changes in production . dear  ph_user good news after fixing multiple ph_technical in uat environment the updated report the number of ph_technical reduced from ph_technical till ph_technical . lets plan for production movement , please prepare files for tls and cipher related issues . dear  ph_user please share release note for all changes which done in uat to fix tls and cipher issues so that we plan for production movement . dear  ph_user all required files uploaded ( ph_technical folders and ph_technical for all ph_name system from production ) . dear  ph_user the ph_technical added for all ph_name due to huge size of files couldn't added here i added the same in uat server ph_ip_address under ph_technical ph_path files ” dear  ph_user thanks a lot for your quick response , lets make it a practice for production deployment we need proper release note . as you are aware in our bank infra team will deploy the changes not the application owner . release note should be clear and provide all details in steps . dear  ph_user we prepared below release note , please go through it and confirm . also lets us know if we have to deploy in sequence or its independent . server ph_ip_address  ph_user  conventional: ph_technical changes stop ph_technical service ph_technical ph_name ph_technical ph_technical ph_technical take backup of the jar file ( ph_technical ) available in ph_technical ph_user  ph_path “ move the new jar file to the above directory start ph_technical ph_technical ph_path .xml changes stop ph_technical take backup of ph_technical file available in ph_technical ph_user  ph_path ” move the new ph_technical ph_technical to the above directory and rename it to ph_technical take backup of ph_technical file available in “ ph_user  ph_path ph_technical move the new ph_technical to the above directory start ph_technical ph_user  ph_name ph_technical changes stop ph_technical service ph_technical ph_name ph_technical ph_technical ph_technical take backup of the jar file ( ph_technical ) available in ph_technical ph_user  ph_path “ move the new jar file to the above directory start ph_technical ph_technical ph_path .xml changes stop ph_technical take backup of ph_technical file available in ph_technical ph_user  ph_path ” move the new ph_technical ph_technical to the above directory and rename it to ph_technical take backup of ph_technical file available in “ ph_user  ph_path ph_technical move the new ph_technical to the above directory start ph_technical ph_technical ph_technical changes stop ph_technical service ph_technical ph_name ph_technical ph_technical ph_technical take backup of the jar file ( ph_technical ) available in ph_technical ph_path “ move the new jar file to the above directory start ph_technical ph_technical ph_path .xml changes stop ph_technical take backup of ph_technical file available in ph_technical ph_technical ph_path ph_technical move the new ph_technical ph_technical to the above directory and rename it to ph_technical take backup of ph_technical file available in ph_technical ph_path ph_technical move the new ph_technical to the above directory start ph_technical ph_technical ph_technical changes stop ph_technical service ph_technical ph_name ph_technical ph_technical ph_technical take backup of the jar file ( ph_technical ) available in ph_technical ph_path “ move the new jar file to the above directory start ph_technical ph_technical ph_path .xml changes stop ph_technical take backup of ph_technical file available in ph_technical ph_technical ph_path ph_technical move the new ph_technical ph_technical to the above directory and rename it to ph_technical take backup of ph_technical file available in ph_technical ph_technical ph_path ph_technical move the new ph_technical to the above directory start ph_technical server ph_ip_address  ph_user  conventional: ph_technical change stop ph_technical service ph_technical ph_name ph_technical ph_technical ph_technical take backup of the jar file ( ph_technical ) available in ph_technical ph_user  ph_path “ move the new jar file to the above directory start ph_technical ph_technical ph_path .xml changes stop ph_technical take backup of ph_technical file available in ph_technical ph_user  ph_path ” move the new ph_technical ph_technical to the above directory and rename it to ph_technical take backup of ph_technical file available in ph_technical ph_user  ph_path move the new ph_technical to the above directory start ph_technical ph_user  ph_name ph_technical changes stop ph_technical service ph_technical ph_name ph_technical ph_technical ph_technical take backup of the jar file ( ph_technical ) available in ph_technical ph_path “ move the new jar file to the above directory start ph_technical ph_technical ph_path .xml changes stop ph_technical take backup of ph_technical file available in ph_technical ph_path move the new ph_technical ph_technical to the above directory and rename it to ph_technical take backup of ph_technical file available in ph_technical ph_path move the new ph_technical to the above directory start ph_technical onus: ph_technical changes stop ph_technical service ph_technical ph_name ph_technical ph_technical ph_technical take backup of the jar file ( ph_technical ) available in ph_technical ph_path ” move the new jar file to the above directory start ph_technical ph_technical ph_path .xml changes stop ph_technical take backup of ph_technical file available in ph_technical ph_path move the new ph_technical ph_technical to the above directory and rename it to ph_technical take backup of ph_technical file available in ph_technical ph_path move the new ph_technical to the above directory start ph_technical dear  ph_user please take the required action as per the recommendation from our iso team to close this ph_technical reported in  ph_user  and  ph_user  . “for the those debug directories and sub directories at least can disable by set the response as ph_technical or ph_technical for all the web users ” please refer to mail for more details dear  ph_user we have some ph_technical related to our os we just need your confirmation there is no application dependency to fix open ph_technical of java . example : red hat: ph_technical moderate: ph_technical security and bug fix update (multiple advisories) i will share the list so that you get more details dear  ph_user thanks lot for your continues support we managed to close big number of vulnerabilities in all ph_name system but still there are list of ph_technical reported as per the latest report . we also successfully upgraded our certificates from self-signed to ca certificate for all ph_name application . i will share the attachment for more details where the iso recommended solution is added . vulnerabilities ip port status tls ph_path server supports ph_technical cipher algorithms (ph_technical) ph_ip_address ph_technical open tls ph_path server supports the use of static key ciphers ph_ip_address ph_technical open ph_technical  ph_user  smaller than ph_technical bits all ph_name app open tls ph_path server is using commonly used prime numbers all ph_name app open below are web ph_technical let us know how to disable the http and will do the same in uat then production . vulnerabilities ip port status http trace method enabled ph_ip_address ph_technical ph_technical ph_technical open dear  ph_user onus using ph_technical port . dear  ph_user please find the requested ph_technical . dear  ph_user iso confirmed the 2 vulnerability are fixed in ph_ip_address server on port ph_technical you can proceed with other application on same fix . ph_technical  ph_user  smaller than ph_technical bits tls ph_path server is using commonly used prime numbers for the “ http trace method enabled ” vulnerable, false positive for both servers ( ph_ip_address , ph_ip_address ) they will take exception . in this case no action required . and what about onus application below ph_technical we already provided the ph_technical . we will plan next week production movement for all fixed in one ph_technical , please make sure to provide the fix for all reported ph_technical . vulnerabilities ip port status tls ph_path server supports ph_technical cipher algorithms (ph_technical) ph_ip_address ph_technical open tls ph_path server supports the use of static key ciphers ph_ip_address ph_technical open dear  ph_user there are list if ph_technical reported to ph_technical related ports , please provide the fix . application.properties atached . ph_technical tls ph_path server is enabling the beast attack ph_ip_address ph_technical ph_technical breached open responded ph_technical tls ph_path server is enabling the beast attack ph_ip_address ph_technical ph_technical breached open responded ph_technical tls server supports tls version 1.0 ph_ip_address ph_technical ph_technical breached open responded ph_technical tls server supports tls version 1.0 ph_ip_address ph_technical ph_technical breached open responded ph_technical tls server supports tls version 1.0 ph_ip_address ph_technical ph_technical breached open responded ph_technical tls server supports tls version 1.0 ph_ip_address ph_technical ph_technical breached open responded ph_technical tls ph_path server is enabling the beast attack ph_ip_address ph_technical ph_technical breached open responded ph_technical tls ph_path server is enabling the beast attack ph_ip_address ph_technical ph_technical breached open responded dear  ph_user added . dear ph_name team we need your urgent support to fix list of vulnerabilities reported in ph_name application . please provide resolution date before end of ‘january ph_technical .",High
1004357,greetings this ticket is created on the behalf of  ph_user  bank to track our activities on the issue: query from ph_name bank the check they scan is clear but when we receive is not clear meaning clarity of the image is not quite clear.,Medium
1004361,greetings gentle reminder greetings we are encountering a force logout issue while we are trying to approve writers or ph_item books in the ph_technical app. attached is the video for the same.,Medium
1004362,"greetings in the ph_item  ph_user  when the user search for a ph_item, the result comes in the second page not the first page. regards,",Medium
1004364,greetings please find the attached files as requested,Medium
1004366,as per an email from the bank they informed us that test site is not working,Medium
1004368,i will refer to you when the case exist. dear  ph_user i sent it before. see the attachment. confirmed dears i have inward ph_item hang on ph_technical status inward workflow routing service. your help,High
1004427,"ph_sql ph_technical ph_sql ph_technical ph_sql ph_technical ph_sql ph_technical ph_sql ph_technical ph_technical rows selected. done, as per attached screenshot dear  ph_user yes, the connection is open now i ran the statements and inserted the records. file copied to server file copied to server ph_name  ph_name claiming that they tried to present a ph_item to us on ph_technical ph_path and then on ph_technical ph_path through  ph_user  from their ph_name branch and the ph_item did not go through due to the reason ‘unreachable destination’ due to the reason that ph_name bank did not update the ph_name branch in  ph_user  system’. pls find appended screen shot from  ph_user  showing that ph_name branch does not appear as ph_technical branch under ph_technical bank: ph_name. based on the reason provided by ph_name  ph_name, customer is claiming interest for the delay in presentment of ph_item. would appreciate if you can refer the case to the vendor and obtain the root cause of why ph_name  ph_name was not able to present the ph_item and also obtain details with regards to their claim that we did not update the new branch code in  ph_user  system. more details in the attached email.",High
1004437,"on behalf of the customer, this ticket is opened for testing and deploy ph_technical ph_name on the test server",Medium
1004440,"dears, additionally, please look into the matter that archive access enable the user to modify the name after selecting the certificate. this should be disabled in order to be in compliance with ph_name policy. screen shot attached showing the name can be changed after choosing the certificate and filling the user name when logging in. dears kind reminder. thanks ph_user appreciate your support to ph_name. thanks greetings kindly ph_name include the roll back procedure in order to take approvals. thanks ph_technical - ticket (ph_technical) greetings i prefer to run on test first and then on prod to avoid any issues. dears ensure to avoid any issue on prod … greetings updated the below corrected script in the case for your kind support. thanks greetings as stated in the email we do not have the access to clear the cache. we need to check that before deletion. please advise if you can clear the cache. dear  ph_user tried to flush the cache and relogged in but with the same result. appreciate your input. thanks greetings we need to know what the selection is not being removed from the drop down. we need to avoid ph_technical deletion. please investigate why we cannot remove the option without ph_technical deletion. thanks greetings can you please update the case. greetings kind reminder. thanks greetings ph_user acquired approval to delete “special” selection drop down list from ph_technical side. let us arrange to perform the task by next week please. thanks ph_technical - archive shows regular, ph_technical and ph_technicalspecial ph_technical. special is not an urgency greetings you require access to apply the script or to explore and create one? test and done. thanks yes please with many thanks archive doesnt show ph_technical it shows ph_technicalspecial ph_technical instead for total ph_item count. attached email communication and screen",Medium
1004444,"greetings please find the attached dump file as requested regards dears, we have new case today , please arrange to check dears, issue still pending not resolved, please arrange to connect sunday in order to complete the investigating regards dears, ok, let's proceed. regards dears, ok, let's proceed. regards dears, we have noticed that after last ph_technical upgrade, the scan date for some ph_items not matching with system date, please find the atatched sample and advice. regards",Medium
1004446,"greetings 10:00 am ph_name time will be fine, i will send a meeting invitation greetings i have reschedule it to sunday ph_user :00 am ph_technical time. greetings please refer to the attached greetings please refer to the attached hi, business roles disabled, you can close the ticket, thanks we are to trying to approve under (business role) but we are getting the below error",Medium
1004471,"greetings ph_item is attached. greetings i will arrange for a meeting with business team and you will let you know. greetings i will arrange for a meeting with business team and you will let you know. dears, this is to address the errors occurring on onus system. ph_items are being accepted but not processed in core. please refer to the screenshots regards,  ph_user",Medium
1004476,pay branch code of ph_name is not available for tellers in ph_name. we have checked with ph_name bank and they have received ph_technical from  ph_user  and ph_name and confirmed that other banks are not facing the same issue. please advise urgently. screen shot attached.,High
1004503,central messages query page not loading and giving an error has occurred in query page,Medium
1004519,"greetings any update ph_technical this agent does not appear on the list of the nearest agent , although the location ph_technical latitude ph_technical longitude ph_technical were added correctly",High
1004526,"greetings done , go ahead regards, ph_technical module - off-balance sheet ph_path on core banking for one of the ph_technical ph_item cannot be opened. the ph_item number is: ph_technical",Medium
1004530,"greetings kindly check the attached image, the first row is from central that shows the message from ph_name, the second row is from bank that shows the latest ph_technical ph_path .950 that has been received and translated to our core banking system. dear, i was trying to connect to the jump server since yesterday but it seems that i cannot, i will check with the team and reply with the updates as soon as possible i have ran the query in the ph_technical schema, and got ph_technical rows as a result greetings kindly check the attached txt file dear, how can i check ph_technical queue? oh ok, i thought from the db. thanks. dear, sorry to keep you waiting all this time, they did not check it, they did it manually and solved the issue. ph_technical very sorry to report back late. dears, the ph_technical was received in ph_name, but we could not trace it in the  ph_user  core banking system scms. kindly assist.",High
1004571,"dears, if we set an account to switch default on mobile account level and if the switch returns error the error is not shown anywhere and the account stucks in rejected status. regards, ph_user .",High
1004647,"greetings i m available at any time . greetings i m available at any time . greetings i'm connecting now with other vendor, will inform you when i finish. regards greetings thank you for your support, you can close this ticket. regards dears, kindly we need your support to deploy the latest fixes on ha and dr. regards",Medium
1004667,"greetings can you please update us on the below. best regards, greetings confirmed on the test site. greetings please note that the new logo has been appeared in prod, thank you for your support best regards, ph_user  bank has changed the logo and the brand. we need it change the old logo with the new one. the art work with different logo sizes are attached.",High
1004687,"greetings kindly advise why approve button is not showing for ph_technical and when her manager is trying to approve its not showing at all. kindly refer the attached email and screenshot for your reference. thanks, ph_user",Medium
1004695,"thank you ph_user i will check with business and get back to you dear all ph_item ph_technical, ph_technical and pay account ph_technical exist on ph_technical integration failed item with error payee name is null . kindly advice this issue . webex link: ph_link regards, ph_user",High
1004761,"greetings kindly we need to provide us with incident report for this issue asap. and explain what do you need from ph_technical team. regards any update dears, kindly any update for ph_name side points below. regards dears, kindly any update for ph_name side points below. regards greetings you find the requested inside the shared sftp . regards greetings kindly find attached log for today failed transactions. regards greetings kindly we need your support ,we have over that ph_technical transaction stuck on status ph_technical approve as attached. regards greetings kindly find attached the payments that stuck on ph_technical and positive pay ,and the logs for the  ph_user . so please check and advise how to permanently fix this issue. regards greetings i'm not able to reach you , please check the attached screenshot, all transaction failed after 1 am. regards greetings kindly find below the transactions id that stuck as positive pay and aml approve ph_technical we need to process these transactions asap. regards greetings kindly any update. greetings this is urgent , we have also ph_technical transaction with status ph_technical failed and the reset button not found, we need also to fix these transactions. regards greetings kindly find below the new id : ph_technical greetings this update for the first ph_technical  ph_user  we need also the ph_technical transaction. regards ok, thanks greetings kindly note that we test normal scenario and received  ph_user  from other bank and the system work fine. so we need to deploy it on production ,we need description for this change to deploy it. regards greetings kindly we need a select statement to extract all payments that submit by resend button for ph_technical ph_path . regards greetings any update. regards greetings kindly find attached the excel, about the stuck  ph_user  until now there is no stuck  ph_user  . regards greetings kindly find attached old  ph_user  that we need to return it to manual handling . dears, kindly your support to check why the system stop sending the request to core that cause the transaction to be failed. check the attached logs",Highest
1004770,"good day , kindly note we have ph_item on failed batches on ph_technical amount ph_technical  ph_item number ph_technical both reset and export are not working for the ph_item and it remains failed. ph_item on onus module amount ph_technical  on failed transactions ph_item number ph_technical . please your help as its almost end of month.",High
1004778,"greetings this is to inform you about the importance of this fix as requested by ph_user . regards. greetings we will check and update you. regards. greetings till now the fix is working fine in test environment. how is the impact on ph_items in production. regards. greetings this is to confirm that the issue is fixed. regards. greetings issue: currently, when the bank reject an ph_technical deposit request ph_technical central will count this as a clearing cycle and will deduct from the available clearing cycle trials (field: ph_technical. ph_technical solution: presentment cycle start from the moment the outward clearing cycle is performed. when the inward cycle is rejected, it shall count is as part of presentment cycle. regards.",High
1004798,ph_user ph_user good morning please your help to return the ph_item ph_technical regards,Highest
1004808,"greetings thank you very much ♥ regards.. greetings kindly note that we have another attached ph_item with special character and we need your support to fix it regards greetings kindly note that we wait a reply from business , i will keep you posted regards.. greetings confirm to add extra validation on uploading the batch by checking the narrative fields if they contain some of these characters to prevent the upload unless the user removes these characters. regards. greetings kindly note that after provided session from your side the tellers now aware to use the application, and we didn't face the issue again , greetings you can close the ticket regards.. greetings kindly we need your help to fix the attached batch that contain special character ph_technical regards..",High
1004836,"dears, we need to allow  ph_user  system to present ph_path ph_name bank ph_items instead of cashier system in our branches (onus ph_items) in order to reflect the ph_technical ph_path on customer account. please call me for further discussion regards",Medium
1004854,"dear  ph_user it is working now fine. we can close the ticket now, if happened again we can reopen regards ph_technical messages not getting processed status after updating the status manually in ph_technical the update statement below: ph_sql",Medium
1004857,dears the overdraft service didn't work to move the following ph_item from branch manager ph_technical verified page to ph_name after the balance for account is greater than zero. ph_technical,Medium
1004859,"greetings kindly note we already added the ip regards greetings as per our conversation yesterday, the user can't work all the time on the new profile noting the problem not always appeared on his main profile. also the problem appeared for more than one user on another ph_technical which indicates the issue not related to the user profile regards greetings kindly note we run the ie as  ph_user  and the same error appeared - as attached regards greetings yes. your colleague  ph_user  added it as compatibility regards dears, the issue still appeared noting there is no screen working fine. the issue appeared on all ph_technical regards greetings kindly note zoom not work on their pcs. you can connect to my ph_technical then we can connect to their side regards greetings kindly note zoom not work on their pcs. you can connect to my ph_technical then we can connect to their side regards dears ph_user ph_user kindly note same issues found on test ph_technical regards sorry ph_user greetings kindly note same issues found on test ph_technical regards greetings sorry but what is the relation between scan page on the workstation and the ph_technical dump? regards dears, we have the case. kindly connect to check regards greetings as per our follow up with the developer, he will provide us with new cap file to be installed on the pc. why we should install it on the server? regards greetings as i understood from our discussion, you need to configure the new ph_technical files on the server kindly advice about the old ph_technical files? are they still working after configuring the server with new ph_technical files? regards greetings kindly to make the new ph_technical file with the same name as old one to avoid changing on server side, because we can't deploy the change as production at all branches one shot. we should deploy at pilot branch and check during pir period regards greetings kindly advice about the attached message regards greetings yes. the system hanged and they restarted  ph_user  system to continue work regards dears, the requested ph_technical ready. kindly arrange to do the needed regards greetings kindly any updates? we need to solve the issue asap regards greetings kindly note we faced errors during scan ph_items. kindly arrange to check it regards kindly find attached dears, kindly any updates? regards dears, the new machine ready. kindly arrange to solve the issue asap regards greetings kindly note we faced the attached error. kindly check and advice regards i ph_technical the symantec greetings kindly reply for our  ph_user  request below ph_technical good morning please to inform the vendor to provide the folders and processes that progress soft is using in order to check ph_path . thank you ph_user  ph_name greetings we are checking with network team if they can exclude the below folders ph_path from symantec scanning regards greetings as per network team, kindly note they can't exclude the user folder from symantec checking but they excluded the .exe files - as attached. we will do another test and inform you regards greetings kindly find attached error appeared while scanning ph_items noting we exclude the .exe files from symantec scan regards kindly any updates? greetings same policy as ph_country ( imported from ph_country ) regards greetings kindly note we know how to exclude files from scanning and we already excluded the provided .exe files from scanning but as ph_name bank policy we can't exclude the user folder from scanning regards greetings kindly note i checked the issue with infrastructure team and it's not applicable to exclude user files for testing purposes regards greetings kindly find attached ph_country team response regards greetings kindly provide expected date to deploy the upgraded version so we can decide to wait the new version or to go with the first suggestions regards greetings with ref. to our phone call and since we don't have log shows that the issue related to symantec, kindly check if we can use a folder not found on the user profile so we can exclude it from symantec checking process regards greetings with ref. to our phone call and since we don't have log shows that the issue related to symantec, kindly check if we can use a folder not found on the user profile so we can exclude it from symantec checking process regards greetings kindly note the below if the system use ph_technical bit kindly use the path “ ph_path ph_path regards greetings i provided one path. it depends on your system if use ph_technical or ph_technical bit on another side, what is your concern of using program file? regards greetings confirmed to postpone the test and to do it on new scan page regards dears, kindly your help to solve the attached error noting its appeared in more than 1 branch regards",High
1004868,"greetings kindly note that the scripts executed successfully ,and we add the year ph_technical to full ,what the next steps. regards dear, kindly we need to open new tab on archive system for 2022. regards",Medium
1004899,"kindly change the customer management, customer mobile and mobile accounts status from waiting approval ph_path to deleted for the below, ph_technical hello, kindly change the customer ph_technical status to approve mobile number ph_technical ph_technical and the below customer ph_technical to deleted, mobile number ph_technical ph_technical ph_name",High
1004926,"greetings kindly note that this issue is for all the customers that comes as waiting approval, regards, ph_user greetings please delete the customer ph_technical with the waiting reply status, and kindly if there are more customers like this please tell us, regards, greetings an example of our issue this customer came as waiting approval we rejected him, now its rejected in customer management and waiting approval in customer mobile regards, ph_user dears, kindly note that every time we reject a waiting approval customer it comes as rejected in the customer management and its still waiting approval in the customer's mobile and we cant even reject it from there please solve it as soon as possible, and kindly delete this customer from your side as we cant delete it from our side cause of this problem, regards, ph_user   ph_user",Highest
1004974,otp - user can move between fields in mobile apps,Low
1004975,on ph_item  ph_user  - when selecting deposit account to write a ph_item wrong error message appears: account does not have any available ph_technical ph_technical new ph_technical for ph_item and central),Low
1004982,change error message for ph_technical ph_item from ph_technical ph_technical deposit is not allowed ph_technical to ph_technical ph_technical date is not due yet ph_technical,Low
1004985,"greetings thank you for the confirmation, lets connect today after settlement at 5 to run deletion job. greetings thank you so much. let us keep monitoring together. hi, let us connect at 5 to check the same. greetings still cleanup is not taking place. ph_technical ph_sql greetings as discussed , lets connect today to check the status. hi, pls find the errors , in cleanup, ph_logs ph_logs ph_logs ph_logs ph_logs ph_logs greetings pls help to verify the data are archived or not, also pls help to confirm is it safe to start archive deletion job now since many data are still pending to be archived. due to backlog we are facing system performance issue so pls help and do needful on this on priority.",Medium
1005010,"all ph_items with arabic beneficiary name got rejection,due to the validation on beneficiary name in clearing stage which needs special format with mssql.",Medium
1005054,"greetings as i am preparing the production deployment, management are asking what is the technical change you are doing to fix this. please share the information along with release instructions. greetings thank you. please join at 3 pm today and could you please share the webex ? greetings thank you for the production support yesterday. we have informed the ph_name team to let us know if any issue they face. we can close this ticket by eod today i believe. greetings as discussed, we have received business approval to deploy the ph_technical fix shared. they have done the testing and have provided the approval. kindly join tomorrow for at 3 ph_technical for production deployment. please also share the release instructions to update the release.",Medium
1005061,"greetings for production will inform you about time and date when an approval is obtained. so by this week we will have a meeting to connect. will connect at 2:30 today for tomcat upgrade in test environment greetings kindly note, as peer  ph_user  to get the certificate via csr. it appears that the private key is expired (similar to what we encountered in test environment last time). therefore, appreciate to connect and update private key (if there are any requirements needed before connecting please let me know). also, will there be downtime in production for updating private key? regards,, greetings we didn't get approval yet. public key has been obtained. though, as  ph_user  required for certificate, we have generated a ph_technical to get certificate though it seems certificate is not generated from ph_technical because private key is expired. therefore, could we meet to check the expired private key in production so we can generate a certificate via csr. will there be downtime for private key issue in production? regards, greetings will check with it and inform you. regards, greetings we can connect today at ph_technical ph_name time if its suitable for you. greetings noted, kindly arrange for tomorrow, ph_technical ph_name time kind regards, greetings kindly send a meeting link to connect at 11am. regards, greetings kindly note that certificate has been generated from ph_technical given. public key from ph_name is obtained certificate has been generated from ph_technical as per  ph_user  https is already configured from ph_name side. will coordinate with someone from it to start the change in production by today . greetings kindly note that certificate has been generated from ph_technical given. public key from ph_name is obtained certificate has been generated from ph_technical as per  ph_user  https is already configured from ph_name side. will coordinate with someone from it to start the change in production by today . greetings waiting for management approval to proceed with the change. hopefully by today to wrap it up. will let you know the time as soon as its approved. regards, ph_user   ph_user . greetings we got approval for ph_technical today. can we please connect today at ph_technical ph_name time. regards, ph_user   ph_user greetings kindly send a meeting to connect. regards, ph_user   ph_user greetings appreciate to push the meeting in teams to ph_technical ph_name time. as  ph_user  will be busy at 10:30. much appreciated. kind regards, ph_user   ph_user . greetings lets have a meeting, at ph_technical ph_name time. regards, ph_user   ph_user . upgrade tomcat to version 9.0.58 (first to be done in test environment configure https in production (has been already done in test environment)",High
1005066,"greetings when the user scan a new ph_technical and enter ph_technical account, the system will send a request to ph_name web service for checking account status. hence, the web service will return reject/ accept depend on the account status. when the web service return rejected response the customer should not able to upload the scanned ph_item. regards, greetings please confirm if we can connect today at 2:30 pm? regards, dears, we have notice that ph_technical was not stopped in the scanning page when the account information return the web service response as rejected. regards,",Medium
1005097,"dear team please update us on the below. gentle reminder thank you dear, will confirm back to you asap please see screenshot attached from the ph_technical test environment greetings regarding the screenshot, yes the message shows when trying to scan more than 5. regarding flush cache this is to be done in test or live? greetings flush cash was done on test environment , local repository was cleared and test was performed, and we found the same issue is there. can only scan 5 ph_items per batch. greetings we are ready regards, greetings what about now ph_technical greetings what about now ph_technical greetings we are ready regards, greetings we are ready for the test tomorrow at 1pm. regards, greetings we are ready for the test tomorrow at 1pm. regards, greetings we are waiting for you. regards, greetings please go ahead with the change and ensure to commit the change in the correct schema. greetings please confirm once you apply the update on the production. greetings we have done testing yesterday with ph_user and it was successful. greetings why was the ticket resolved when we didn't get confirmation if the solution was applied in our production. thank you noted appreciate action asap thank you noted appreciate action asap greetings thank you for your support the below issue has been resolved. best regards, the number of ph_item is limited to 5 ph_items per batch when ph_technical scanning, it used to be up to ph_technical ph_items per batch, please advise on the configuration, see the attached message from the system when scanning more than 5 ph_items per batch.",Medium
1005100,"qr is generated by merchant, but when customers try to scan, it returns invalid qr message url: ph_link ph_technical ph_path .view ph_path",High
1005108,“clear blockings on ph_technical db”,High
1005113,"greetings we have inward ph_item number= ph_technical, ph_technical, pay ph_technical and ph_item date=19-12-2021 , where's ph_technical the ph_item related to customer ph_technical from ph_technical (integration table) and all info the same as attached excel file. but from table ph_technical the customer ph_technical ph_technical this cause a problem for the customer ph_technical where the ph_item doesn't related to him . kindly advice this issue. ph_technical",High
1005127,please close the ticket after clearing the browse it works greetings since couple of weeks we are noticing that  ph_user  url is not opening in normal chrome browser but open in incognito mode. please check,Highest
1005133,kindly advise on the attached vulnerability issues.,Medium
1005150,"dears,, kindly not that we processed ph_technical ph_items (rest) through  ph_user  and all this ph_items credit successfully on our customers’ accounts but we still have ph_technical ph_items on (failed transactions) as below and we can’t processed this through rest so we need your support to solve this issue regards",High
1005215,"greetings as per our checking with os team , please find the below reply kindly to contact the support company to do the needed action to mitigate the vulnerabilities on the ph_name servers. ph_ip_address see attached that shows the installed version on each server and which version will fix the problem greetings as per our checking with os team , please find the below reply kindly to contact the support company to do the needed action to mitigate the vulnerabilities on the ph_name servers. ph_ip_address see attached that shows the installed version on each server and which version will fix the problem greetings please we need to install ph_technical version on test environment before apply on live greetings please we need to install ph_technical version on test environment before apply on live greetings please we need to install ph_technical version on test environment before apply on live greetings please we need to install ph_technical version on test environment before apply on live greetings you can connect any time using the below link : ph_link greetings please confirm that the latest release for java ph_ip_address does not affect on our services regards, greetings any update please regards, greetings please advise on the below , can we deploy the last release of java without affect on services dear  ph_user please provide us the ph_technical or if there list of changes to start our testing on test ph_technical regards, dear  ph_user please note that the ph_technical passed duplicated as per the attached screenshot, please advise. regards, greetings attached with name : ph_technical greetings please find below the request and response : ph_technical ph_technical ph_technical ph_technical ph_technical ph_technical ph_technical ph_technical ph_technical ph_technical ph_technical ph_technical ph_technical ph_technical ph_technical ph_technical ph_technical ph_technical ph_technical ph_technical ph_technical ph_technical ph_technical ph_technical ph_technical ph_technical ph_technical ph_technical ph_technical ph_technical ph_technical ph_technical ph_technical ph_technical ph_technical received response ph_technical ph_technical ph_technical ph_technical ph_technical ph_technical ph_technical ph_technical ph_technical ph_technical ph_technical ph_technical ph_technical ph_technical ph_technical ph_technical ph_technical ph_technical ph_technical ph_technical ph_technical ph_technical ph_technical ph_technical ph_technical ph_technical ph_technical ph_technical ph_technical ph_technical ph_technical ph_technical ph_technical ph_technical ph_technical ph_technical ph_technical ph_technical ph_technical ph_technical ph_technical ph_technical ph_technical ph_technical ph_technical ph_technical you can connect now using the same link previously provided greetings any updates please greetings please advise on the below regards, greetings we face the below error , please advise : request : ph_technical ph_technical ph_technical ph_technical ph_technical ph_technical ph_technical ph_technical ph_technical ph_technical ph_technical ph_technical ph_technical ph_technical ph_technical ph_technical ph_technical ph_technical ph_technical ph_technical ph_technical ph_technical ph_technical ph_technical ph_technical ph_technical ph_technical ph_technical ph_technical ph_technical ph_technical ph_technical ph_technical ph_technical ph_technical ph_technical ph_technical greetings please note that the fix has been tested and works fine thank you and regards, greetings kindly note we are planning to deploy a new release of ph_name today at 11:00 ph_technical , we need your support please thank you and regards, greetings kindly note that every thing is working fine thank you and regards, dears , please confirm if the attached va’s compatible with the recommended version java 8 update ph_technical",Medium
1005228,"dears, partially accepted transactions appears to the client in transactions history, the transaction should not appear in the mini statement unless the transaction is success. regards, ph_user .",High
1005265,"greetings as discussed that we need to take care the transaction default to others if there is no matching of transaction purpose. regards, ph_user greetings can you please confirm is it fix in uat? regards, ph_user greetings we have discussed internally the release note and also i discussed also with that any wrong mapped transaction purpose in ph_name view table should be mapped with ph_technicalothers'. since current fix only will handle the other value but still we will ph_technical with same problem if wrong transaction purpose transaction will process. therefore we request you to provide fix in a such way that if any transaction purpose not matched with current ph_name list then mapped with others and process the transaction to cbo. regards, ph_user greetings we are in process of testing and will confirm asap for release note. regards, ph_user greetings please check and advise as outward transactions are not processed after 1:56 ph_technical regards, ph_user",Blocker
1005282,"in most pages we are getting ph_technical error page. it happens when there are a load of messages kindly find requested files i will check with ph_technical  ph_user  and let you know the suitable time next week regards greetings after today session, kindly find attached requested indexes names regards dear  ph_user kindly provide us deployment ph_path plan and release note for the same. regards dear  ph_user i need confirmation for below please confirm on the ownership of the tables, not all of them are owned by ph_technical. ph_technical dear  ph_user we applied the indexing recommended by you and we are monitoring the behavior closely. if anything reported about the same issue, we will inform you. regards dear  ph_user unfortunately still the error is repeating as shown in the screenshot attached. regards dear  ph_user ph_technical regards dear  ph_user from my ph_technical we can check the error and simulate it. we can schedule a meeting for tomorrow 10:00 am. kindly create a ph_technical teams meeting if this time is suitable for you regards sure, i will be free at 1:00 ph_technical today, but i will have a meeting at 2:00 ph_technical regards dear  ph_user please find attached both report is same file regards dear  ph_user please find attached regards greetings sorry for late reply, i missed the notification please check below ph_technical ph_technical ph_technical ph_technical ph_technical ph_technical ph_technical ph_technical ph_technical ph_technical ph_technical ph_technical ph_technical ph_technical ph_technical ph_technical ph_technical ph_technical ph_technical ph_technical ph_technical ph_technical ph_technical ph_technical ph_technical ph_technical ph_technical ph_technical ph_technical ph_technical ph_technical ph_technical ph_technical ph_technical ph_technical ph_technical ph_technical ph_technical ph_technical dear  ph_user same issue after clearing the browser cash regards version: 3.2.5 ,r5.187.25 dear  ph_user kindly send a ph_technical team for coming sunday 9:00 am regards ph_link dear  ph_user is there any update ph_technical we are getting this error continuously. we need to fix it as soon as possible please dear support we are continuously getting the ph_technical error and slowness. kindly check slowness and 500 error",Highest
1005299,"greetings we already checked the roots ph_technical, and there is no problem from our side. i'm waiting any update from you. greetings resolved you can close this ticket. when customer tries to manage ph_technical he got ( حدث خطأ عام ) and cards appeared with no data. ph_technical ph_technical attached a screenshot of the appeared error.",High
1005313,"kindly note the customers couldn't deactivated their devices from app in both os, the confirm button doesn't respond as shown,",High
1005318,error when change profile on ph_item service account,Medium
1005319,"reminder. kindly find the below customer, he reached the weekly p2p limit when his transactions included the rejected ones is only ph_technical (accepted:14. rejected:5) ph_technical ph_name",Medium
1005325,"greetings kindly ,provide us with remote session today at 2 pm , to do the preventive maintenance . regards ph_user greetings as per our call you informed me that today is a holiday in ph_country and you will arrange for a remote connection tomorrow to do the preventive maintenance. regards ph_user greetings please find the attached preventive maintenance report after we connected to your site and did the health check for both database and application servers . regards ph_user dear sir please be kindly informed that ph_name has a scheduled ph_technical visit for ph_user which is scheduled to be on feb. 28 ph_path @ 02:00 pm your soon confirmation for this above mention date and time is highly respected regards",Medium
1005331,dear sir please be kindly informed that ph_name has a scheduled ph_technical visit for: ph_technical which is scheduled to be on march. ph_technical your soon confirmation for this above mention date and time is highly respected regards,Medium
1005336,"greetings please make sure to do the ph_technical for ph_name and to check if the schedule is suitable to you and to the bank. ph_technical greetings please note that we will consider to close this ph_technical and will do it under the below one as per your confirmation with ph_user ph_technical that the issue related to ph_technical scripts connectivity to the database. best regards, dear sir please be kindly informed that ph_name has a scheduled ph_technical visit for ph_name which is scheduled to be on march . ph_technical your soon confirmation for this above mention date and time is highly respected regards",Medium
1005341,greetings can we connect tomorrow at ph_technical am to complete this ph_technical regards ph_user   ph_user,Medium
1005346,"greetings below mentioned ph_name files are stuck for more than ph_technical, kindly check it name directory ph_technical",High
1005351,"greetings i have setup a meeting on sunday at 1:00 pm bh time, please accept hi, please send to us the report to upload it please hi, please advise suitable time to connect online to get this long pending issue sorted. and share the report also with us as we ph_technical have. kindly confirm regards, hi  ph_user invitation sent for today at 11:00 ph_link greetings we have other meeting ph_technical 12:30 hi  ph_user invitation is sent for today at 11:00 am, please accept it ph_link greetings can we connect at 3:00 pm ? thank  ph_user , i have sent meeting invitation ph_link sorry, this is the correct link. ph_link hi, any update please? hi  ph_user any update please? hi  ph_user any update please? hi  ph_user any update please? greetings we can connect tomorrow at 2:00 pm ph_name time, please confirm so i can send meeting invitation hi  ph_user any update please? greetings ph_user i am available today at 11 am, please send meeting invitation greetings ph_user can you please connect to check this issue. greetings ph_user can you please connect to check this issue. greetings i am available tomorrow @ 10 am greetings it is ok with me, thanks report is not available in the reports list in ph_technical, please check ph_technical report name: security  ph_user  user transactions audit report",Medium
1005354,no session on production,Highest
1005365,"greetings please close this ticket, the functionality of this function is working fine. best regards, m. ph_user please note that we need to name the payload of the ph_technical on test environment same of the message type.",High
1005433,"confirm. aim ready, you can connect now. dear  ph_user can we do it today on 02:15 pm? confirm dear ph_name ready to connect now confirm confirm confirm dear  ph_user thanks a lot for your efforts, we will reply to you soon. dear  ph_user the fix didnt work correctly because the status for ph_item is ph_technical and the balance for account is insufficient and reason for ph_item is accepted and the color for ph_item is green not red. see the attachment dear  ph_user we need to solve this issue asap to resume test and test other issue. confirm to do it now. dears kindly note that the overdraft service didn't work correctly because there is many ph_items for customer has credit balance and still in branch manager ph_technical verified page. this case appear clearly when big ph_item volume.",High
1005442,unable to modify the newly created account policy which has no users associated with it.,Medium
1005454,"greetings kindly see below the proposed details of ph_name preventive maintenance to be done by  ph_user    ph_user  ph_path date: thursday, march 10 time: 14:00 hrs confirmed by: ph_technical thank you and best regards, ph_name team",Medium
1005462,"dears, kindly any updates? the customer  ph_user  withdraw the ph_item amount before being accepted which is risky regards greetings kindly find business response "" تحيه واحتراما يرجى التأكيد لنا بان الفحص هو فقط ادخال ph_item علما بانه لا يمكن متابعة مثل تلك الحاله من قبلنا اذ انها لا تتكرر كثيرا وشكرا "" greetings ph_user kindly note the business entered ph_items and it took value date next day which is correct . but as their feedback, this error not always appeared and it happened just 2 times so the test not means that the problem solved. regards greetings the error is to have value date same day. they can't confirm the issue was solved because its not always appeared regards dears, kindly your feedback regarding the business note below "" تحيه واحتراما برجى التأكد من الشركه ما الفحص المطلوب اذ انه تم ادخال ph_item وتم قيدها حق ثاني يوم عمل ""وشكرا dears, ph_user , ph_user sorry. i'm not available tomorrow after working hours. kindly arrange for next week regards confirmed ph_user ph_user dears, confirmed from our side regards dears, kindly your help to check the below outward ph_items have same day value date noting it should be next day (ph_technical): ph_technical ph_technical regards",High
1005467,"this ticket has been opened on behalf on ph_technical  ph_user  ,as they need to delete the accounts ph_technical - ph_technical from the database physically",Medium
1005472,greetings currently all notification from  ph_user  is sent to the attached list of user. we want to change it as the team is restructured. send all the notification to: ph_technical ph_user .com greetings kindly request you to change the current registered mail  ph_user  in the  ph_user  from ph_technical ph_user .com” to the new  ph_user  ph_technical ph_user .com ph_technical thanks in advance,Medium
1005495,"greetings we checked in banks table ph_sql that particular name is not present , seems its not included. entity id ph_technical name ph_name can we have zoom session and check with user ph_technical updating in ph_technical ph_technical is bit difficult , we have ongoing freeze period for ph_technical below is the request came from ph_technical after greetings, please be informed that  ph_name community bank will be included as a direct participant in ph_technical starting from wednesday, 9th march, 2022. please find below the details required to configure them in your client systems. entity id ph_technical name  ph_name community bank routing code ph_technical short name ph_technical greetings as discussed in call, ph_technical  ph_user  logs dear  ph_user  ph_technical team, please help , below issue reported by our user hi this is the new bank which central bank ask to add from tomorrow they will star sending ph_technical inward and outward. if this wont be updated our ph_technical count wont balance. please check with vendor and action immediately. best regards, ph_technical",Highest
1005500,"greetings as per my understanding during our discussion before, we can deploy 1.8.4 on top of 1.8.0 the test environment was not 1.8.0 when we deploy the 1.8.4 version. kindly clarify if i miss understood. greetings i suggest that we install production environment on test area, then deploy all the releases sequentially to 1.8.4 to be comfortable that i wont have any issues later in production. greetings i received sql scripts only. what about the jars ? i understand that we will copy production war and use it in test area with initiating the database. then will execute the sql commands. we need to replace jar files too. greetings i received sql scripts only. what about the jars ph_technical i understand that we will copy production war and use it in test area with initiating the database. then will execute the sql commands. we need to replace jar files too. greetings i think there is a miss understanding here. we are not upgrading production now. first we level the test server to production version 1.8.0 and make sure its working. after this we upgrade the test server to latest version and i ask business users to test and confirm everything is working normally. then we do the same steps we take to upgrade test server to production. greetings can we connect today at ph_technical to install production version on test server? regards, greetings can we setup the ldap today? i'm available today at 2:30pm. please confirm. regards, dears, sorry i was sick leave the last two weeks. lets connect today @ 10 am. please confirm so i send the invitation. or suggest other timing. regards, greetings lets connect today at 1pm. please confirm to send you the invite. regards, greetings kindly update dears, we still cannot import the users after the update dears, our ph_technical version still 1.8.0 we need to update to the latest version. kindly gather what is required to update the system.",Medium
1005501,a new fix needs to be implemented for the addition of onus column in fe report.,Medium
1005510,dears kindly we need your urgent assistance regarding inward 102 dosnot upload to ph_name regards,Highest
1005514,ph_sql ph_sql,Medium
1005522,"thank you, kindly note ph_technical doesn't working",Highest
1005534,dear ph_name again  ph_user  users can't access arabic interface,Medium
1005547,greetings please find attached the logs greetings please find attached the logs dear team we observed delay in processing ph_items in ph_technical request export. its taking around 5 to 10 mins to move the ph_items ph_technical please advise,High
1005549,"pls find as attached. ph_technical greetings we have updated those transactions manually for now. lets check the issue with priority since manually updating in prod ph_technical have high risk. greetings pls find the scripts attached that we followed for work around. greetings yesterday we got another transaction as well , where the queue was not consumed from ph_technical. pls check this with priority. logs are attached. ph_technical ph_technical greetings pls help to check this urgently, we got today also same issue. we are getting this on daily basis. if need pls connect now to check the issue on prod. greetings pls connect using below anydesk: ph_technical logs attached ph_sql greetings thank you so much for the support, now lets expedite to find root cause and provide the fix for the same. greetings there are two consumers, for ph_technical greetings pls share update on thi s . greetings any update on this? greetings pls find the output of below query as attached (ph_file): ph_sql greetings any update on this? greetings we are getting below issue in test : invalid action ph_technical pls find the ph_technical application log and screen shot as attached. ph_file ph_file thanks, ph_user greetings the issue with ph_name is solved now, seems it occurred due to some permission issue. but now again done full cycle but the transaction status at ph_technical is ph_technical but same at ph_technical is ph_technical, seems report not getting consumed by ph_technical. kindly check the issue. ph_technical logs for ph_technical is attached. ph_technical ph_technical greetings earlier mentioned issue is resolved in uat now. we have completed the full cycle in uat . in both ph_technical and ph_technical the status is acsc. but as we are not able to simulate the similar error case in test as of production so pls ensure this will resolve the error case. also, please confirm if we need to verify other functionality or not over which this fix  ph_user  have impact on business, so that we can plan ahead for production implementation. thanks, ph_user greetings thank you for the update. we will check and update you. greetings we will implement fix this week, and let you know for further support. greetings we have implemented this in production. lets monitor this together tommorow. thanks, ph_user greetings we got one issue today, one of the customer upload ph_technical txns , and due to length exceed issue in ph_technical the txns is not consumed at ph_technical and so the status at ph_technical is ph_technical and at ph_technical is acsc. pls help to check the issue on urgent basis.",Medium
1005561,"reminder thank you kindly reactivate the below ph_item so we could cash-out the current balance and delete the account, ph_name ph_technical ph_name ph_name,",High
1005614,"greetings kindly remind. greetings any update please greetings any update please. greetings any update please greetings as you mentioned the transaction configuration were updated on 5 ph_path , but still there is regional money transfer transactions after the update date. please check the below transaction ph_technical greetings any update please. greetings the configuration is set correctly, the is regional flag should be false to prevent the transfer between regions. this is a bug that should be fixed from your side, it is not a configuration issue from our side. please note that this issue raised since a long time and it should be fixed we cannot wait more. if there is a misunderstanding, let us join a meeting to discuss together. the customer has a profile that is not allowed to transfer between regions but he is still able to transfer money (p2p) between two regions (ph_name and ph_name). below is an example transaction where the customer transferred money from ph_name to ph_name ph_technical ph_technical ph_technical amount ph_technical ph_technical ph_technical ph_name ph_name 2021-12-30 13:31:49.0 ph_technical ph_technical money transfer request ph_technical",High
1005633,"greetings as discussed find attached the categories page with both ph_technical and ph_technical greetings kindly find attached all the requested. thank you. greetings kindly note i did it for ph_technical because i had a few ph_technical example for code ph_technical greetings the requested has been uploaded. greetings i will need to raise an internal ph_technical for the below in order to process it, can you explain what will the below query do to help with fixing the issue in order for us to be able to process the ph_technical with the explanation. thank you. greetings since we cant test and replicate this issue on the test environment, we are required to justify what the changes will impact in each row that we are updating. we also noticed that most of the codes that are working fine has the same data in the codes that are not working fine, but the script below is still updating them. since this is a critical application we want to make sure that this change will have no impact on the privileges and that is why we require you assistance to identify the impact of the below change in details. thank you. kind regards greetings we ran the below script but it didnt solve the issue ph_technical and ph_technical is still not appearing. thank you. greetings the issue exists with all users, there is no specific timing the codes does not show even though they are added in the security module for the users, i can get one of the users for you to check, we also found that there are other codes aside from ph_technical and ph_technical like ph_technical that has the same issue. thank you. greetings the code is not displayed at all in the drop down arrow of the user, to keep or see the ph_items. attached capture for your reference. will arrange one user from business and one security user as well in order to show the issue and will let you know. thank you. greetings you can join the below link: ph_link are you available now or want to schedule it for a different time? greetings thank you for your support, the codes are appearing now from the categories drop down list. greetings we have noticed that the two categories ph_technical and ph_technical are having an issue, where we add them from the security page but all the users are not able to see it from their interface, we require your support to investigate the issue and also find screenshots for your reference. thank you.",High
1005639,join zoom meeting ph_link greetings this is urgent and we need to check it asap تحيه طيبه وبعد نود اعلامكم بانه تم ترحيل ph_technical واحد ph_name على ph_technical رقم ph_item 4 مبلغ ph_technical و واجهتنا المشاكل التاليه : 1/ البطء الشديد في انتقال ph_technical من ph_technicalالى ph_technical ph_technical final posting,High
1005687,greetings thank you. you can close this ticket. ph_technical is not calculated on the  ph_user  ph_technical for some transactions while it is calculated on other transactions although same tax scheme is used you can check this transaction where ph_technical is calculated: ph_technical while this ph_technical is not calculated on this transaction: ph_technical,Blocker
1005689,this ticket on behalf of customer ph_technical file not imported,Medium
1005715,"greetings requested files are uploaded. regards, ph_user greetings uat is already done and production deployment approval is in progress, i update you as soon as we get approval for production deployment. regards, ph_user greetings the attached ph_item landed in the exception monitor due to the scanner not reading ph_technical, and if we edit the ph_technical we receive the message from the webpage ((the ph_item is old ph_technical) for your kind action to accept the ph_item. thanks and best regards ph_user   ph_user",Medium
1005729,above is being encountered in  ph_user next page of the financial menu in the  ph_user  for ph_name users.,High
1005731,from: ph_user   ph_user  ph_code you investigate and clarify on when should the cache be cleared usually? is there a size we should watch out for? i had actually cleared the ph_technical cache twice this week and it had not reached ph_technical in size. hence clarify the above so we can add it to our checklist.,Medium
1005756,"greetings thanks for replay, i will check what you mentioned with the team regards greetings regarding the password hint does not have any meaning in both languages i found it in the  ph_user   ph_user only عربي should be change to العربية need to be changed from your side regards greetings 1- we don't received any release in the test flight for ios. 2- checked with current version for both test and production app and nothing changed. still عربي regards password hint does not have any meaning in both languages arabic: arabic value english: english value عربي should be change to العربية",High
1005770,"dears h have ph_technical ph_items hang on ph_technical status from ph_technical ph_path , your help asas.",Highest
1005778,"ok greetings we still working on it, as we work to have new servers, i will let you know once finish regards greetings the new clone from production done , please share your availability regards greetings are you available at 01:00 today to start the work on the clone servers regards greetings can we join at 12:00 pm today regards greetings can we join today to complete the ph_name test?, i'm available now. regards ph_user please note we had generate and activate the certificate successfully, we need to do the tls update also. for now waiting the business test to test the system functionality . did you have time at 12:30 today to do the tls1.2 regards greetings we had issue in system functions like check scanning and others cases, can we have a session to discuss it ph_technical regards ph_user   ph_user  is inviting you to a scheduled zoom meeting. topic:  ph_user   ph_user 's personal meeting room join zoom meeting ph_link ph_technical ph_user please find the attachment greetings did you get any update ph_technical regards ph_user any update dear ph_user can you please share your availability today to do the rollback as discuss and confirm from you regards dears as per ph_technical scan, we need to make ph_name servers works only on tls 1.2 and disable old version is ph_name compatible with it and didn't effect on the system ph_technical regards",Medium
1005786,ok we are waiting best regards. item “more info” in add bank profile page need text padding. see attached image for more info ios only phone impacted iphone se ph_technical iphone se ph_technical iphone 8 iphone 7 iphone 6 also iphone ph_technical mini and iphone ph_technical mini could have the issue. if the company title is longer all apple phones will have the same issue.,High
1005792,"greetings the transaction detail is attached. hi, pls find the ph_technical and ph_technical greetings any update? thanks, ph_user greetings any update ph_technical thanks, greetings any update? greetings any update? greetings pls find as attached. greetings we have implemented the trigger in uat and performed the test case as attached in the document , pls advice if this is fine to implement in production. thanks, ph_user greetings we are planning to implement this week, will update you. greetings in ref to ph_technical, after applying the fix also, we observed the issue today again for one ph_item that skipped the workflow and directly replied from financial clearing. also as seen in transaction log the clearing approval state is showing approved by maker user. so pls help to debug the issue and provide the fix. thanks, ph_user",High
1005794,"greetings previously issue doesn't exist and groups wasn't created on user level, since issue occurs after going live with both apps , could let us know what changes has been done on server level , also how we can ensure or prove that there is no issue at application level . regards, greetings could you assist me which logs can be checked which shows there is a slowness from ldap , so we can provide the same to our infra team for their action. regards, greetings can you share with us the log file name? ! regards, greetings we had re-produce the scenario at 10: 02 am today , and logs attached fyi , could assist what those logs means ? is it means there is an issue with srv ph_technical regards, greetings we will try to test in uat and update you. regards, dear  ph_user we simulated same in test but there is no issue or slowness , we was able to create the user in seconds .pfa is ph_technical regards, greetings please update us . regards, greetings as part of the upgrade, we understand that the files of production been copied to test ph_technical as well. it might not have any restriction in production which is we are not getting the same in test??! ! thanks. greetings after going live with new systems both ph_name and conventional  ph_user  , system is not retrieving the ldap users while trying to add new  ph_user  users in both applications , its showing an error ( attached) however sometimes it took ph_technical to ph_technical min for the page to appear which cause a delay on  ph_user  work. kindly check and assist. regards,",Medium
1005816,"greetings mobile number: ph_technical expiry date: 2021 sep 6 15:33:26 greetings mobile number: ph_technical expiry date: 2021 sep 6 15:33:26 greetings we did test p2p transaction today on uat, please update the expiry date for the transaction to be 1 ph_path in order to test the transaction reversal. greetings reference ph_technical hello  ph_user it is working fine now, please we need to apply it as hot fix on rehearsal then move it to production environment. hello  ph_user it is working fine now, please we need to apply it as hot fix on rehearsal then move it to production environment. greetings we need it as a hot fix. we can't wait until next go- live . we need to make cash out from an expired wallet. ph_technical must revers all the transactions for this customer as a normal behavior , but there was a problem blocked that.",High
1005845,"greetings please note its appear only for this user for all accounts and only today , before its going fine without any problem attached the needed as example regards greetings still the same regards dears please note the ben. name didn't appear in ph_technical as attached regards",Low
1005909,"greetings kindly we need your support here , the  ph_user  team cant find the below user in order to link it with the new created branch . ph_name ph_user the it  ph_user  inform us as the below that the user was created successfully however we still cant find the account . regards",Medium
1005913,ph_name production site not working for below link ph_link,Highest
1005940,"dears, please check the uploaded screenshot greetings approved by  ph_user  ph_name as mentioned on the email. regards. ph_technical record stuck under status ph_technical communication pending” ph_technical ph_technical contact no “if needed”: tel: ph_technical ph_technical",Medium
1005957,"greetings any update please. greetings any update please. greetings any update please. greetings please note we checked the commission configuration for the profile of the service and it's working fine since the agent had a previous transactions at the same date which he got commission correctly. transaction reference in which the agent got commission (ph_technical) in date and time ( 2022 apr 5 15:43:34) and (ph_technical) in date and time ( 2022 apr 5 14:13:06) so please check why agent did not receive commission for the transaction with reference ( ph_technical) although commission slices are configured correctly. greetings please update below is a transaction for ph_name , this only transaction that appears without any commission , although on same day and few transactions before and after he had direct discount please check why the agent did not receive commission for the below transaction ph_technical",Blocker
1005959,"dear, kindly share with us all scenarios this message is displayed and to whom so we can share with you the suggested message. regards. greetings noted. please change also this message ph_technical issue no. 310: correct iban length is rejected 'ph_technical', ph_code regards. greetings the message ph_technical deposit is not allowed” should be changed to more descriptive message that specify the reason. regards.",High
1005960,"greetings when all accounts are removed from a new ph_technical and he tries to sign up through ph_technical, he gets the error: (ph_log), .. (log is (shared by email on 9 ph_path ) and when the accounts are added again to him , the sign up process completes successfully. this is wrong error message as data entered by the ph_technical is correct. regards.",High
1005967,"greetings kindly find below details of the preventive maintenance (ph_technical) schedule, to be handled by  ph_user   ph_user . date: wed., 13apr time: 11am confirmed by:  ph_user thank you and kind regards, ph_name team",Medium
1006015,"from mail: ph_user   ph_user  ph_code fri 4 11:17 am greetings please note that the users are not able to see the ph_item image as shown in the below screenshot. i have checked with our internal staffs also and they have confirmed the images are not being displayed. kindly treat this as urgent . thanks and regards, ph_technicals.  ph_user   ph_user  ph_info_table p.o box ph_technical, ph_name, ph_name, ph_name tel: ph_technical ph_technical ext 2132 ph_info_table website: ph_url",Medium
1006026,"dears, kindly note that when an update occur on wallet note registered on ph_name, is turns rejected with false flag on active and is registered , as per discussed before, ph_technical action to check issue and update. regards,",High
1006029,"dears,, kindly note that the returned ph_items doesn't moved to ret system so, appreciate your support. please call  ph_user   ph_user : ph_technical regards",High
1006057,inward modle sends auto reply as closed on ph_items ph_technical,High
1006058,"greetings kindly update about the same. best regards… greetings ph_technical ph_user , please note that the below select statements contains some sensitive data: ph_sql ph_sql please mention the necessary columns only so that we can arrange for the approvals. greetings please send us the needed columns so that we will request, information security team are insisting on specifying the needed columns only. best regards… as per today's meeting, we have encountered an issue with the interbank ph_technical which are not pushed to the quality assurance. please find the logs attached for more information. best regards… greetings kindly advise on how we can replicate the database connection issue in the test environment as we do not have a way to perform the same. best regards… greetings kindly note that i already placed the gateway in one node and run it. can you confirm that this gateway will work on two nodes? because as instructed by ph_user the gateway will work only on one node. greetings please update on the status of data fix which requested earlier as we have provided the necessary data since one month. best regards… greetings please note that we already provided the data for the same. best regards… greetings please do the necessary greetings kindly note that while we are testing the gateway, we have found the attached exception. best regards… greetings for a better follow up, please close this ticket and open a new ticket for the  ph_user  gateway. regards… greetings kindly check the attached errors and advise. regards",High
1006061,"greetings requested files has been attached. thanks, ph_name ph_name reply ph_technical file rejected by ph_name system ph_technical reply file: ph_file ph_technical ph_technical ph_technical reply file: ph_file ph_technical ph_technical ph_technical ph_technical ph_technical ph_technical ph_technical ph_technical ph_technical ph_technical ph_technical",Blocker
1006063,"greetings this was assigned to the wrong project. kindly change it to ph_name ph_name. best regards, ph_user   ph_user greetings you can go ahead and close this one. will open a new one with the correct project. regards, ph_user   ph_user it seems that android will always choose the first account when re-login and not the selected one.",Medium
1006065,"greetings log is attached as discussed. greetings any update on this? greetings any update? greetings for your info, today we tried with port ph_technical as well and with dns as well instead of ip and still same error. application log: ph_logs as already discussed the network access is fine. ph_technical and telnet is also fine. ph_technical ph_technical ph_technical ph_technical escape character is '^]'. ph_technical so there is no issue in network level for both ph_technical and ph_technical port, so pls suggest on this how we can make this working, since this is critical as the member ph_technical are not able to receive emails and which is causing delay in crediting customers. so please check with priority. thanks, ph_user greetings any update? greetings any update ph_technical greetings we are waiting since many days for this, pls expedite this as its causing impact of daily basis on business. greetings please expedite its pending since long time greetings any update? greetings any update on this? greetings thank you for the fix in ph_name we will check and update you after checking in test. meanwhile please expedite the fix for the same in  ph_user  as well. thanks, ph_user greetings i am not able to download the patch shared , can you please check . greetings thanks for the files, we will test and update. thanks, ph_user greetings please check we are receiving error as below ph_logs greetings please find the log as attached. thanks, ph_user greetings any update on this? greetings still same issue even after placing the commons-email-1.4 jar in both ph_technical and ph_technical , tomcat ph_path and web-inf ph_path ph_technical thanks,  ph_user greetings any update? thanks, ph_user greetings the mail is not working in test and there is no error as well in log. please check. thanks, ph_user greetings after restart of application we are able to generate log but mail is still not working . network connection is fine as telnet is successful. please check. thanks, ph_user greetings as discussed with  ph_user  please find ph_technical from test ph_technical service and update after checking. thanks , ph_user greetings the requested files are shared. thanks, ph_user greetings ph_technical ph_user , since we are running these tomcat through separate profile , can we add this ph_technical to the profile itself. thanks, ph_user greetings please log as attached. greetings ph_technical ph_user , please find the ph_technical service log after adding verbose in ph_technical ph_file thanks, ph_user greetings please find as attached. thanks, ph_user greetings ph_technical ph_technical ph_code ph_code ph_code ph_code ph_code ph_code ph_code ph_code thanks, ph_user greetings please find the log application.2022-10-11.1.log still same issue using the ip. thanks, ph_user greetings sure, vpn for the site is already provided to the team. ph_user , let me know if vpn is not working thanks, ph_user greetings please let us know when you are available for remote connection. thanks, ph_user greetings please use below anydesk: ph_technical thanks, ph_user greetings thank you for update,please provide  ph_user  for production. thanks, ph_user greetings thank you so much , its working for ph_technical user password reset , please provide same fix for ph_technical also in the same final  ph_user  for production. thanks, ph_user greetings please provide the final release. thanks, ph_user greetings we have implemented the changes in production. lets monitor this tommorow. thanks, ph_user greetings we will test the fix this week and will update you. thanks, ph_user greetings we have applied same in uat and checked by rollback to ph_technical but still the password is getting generated through ph_technical only. please check. thanks,  ph_user please find passwd_reset.png for reference. greetings yes its showing success for ph_technical but i am selecting ph_technical not im. it should print on screen as before. thanks, ph_user greetings lets connect now to show the issue. thanks,  ph_user greetings we have been using ph_technical server ip and plain ph_technical port ph_technical for sending the email from ph_name for session related notifications. ph_name application are failed to deliver the email after office ph_technical has changed the policy to use the ph_technical domain with port ph_technical and tls version 1.2. going through the configuration in ph_name, we couldn't find to enable the tls option and version. hence it is kindly requested to provide the required changes in ph_name application for this setup at earliest. regards, ph_user",Medium
1006073,"greetings please note the issue has been resolved , close the ticket please thank you and regards, please note we have an error appears when upload check for a specific ph_technical as attached",Highest
1006083,"dears , ph_technical regards, any update on this any updates dears ! dears, kindly note that notifications are note getting sent for sender on  ph_user  agent cash in transaction, below is a sample occurred on ph_technical of march ph_technical please check it on log ph_technical regards,",High
1006097,"greetings thanks for update. i found ph_name schema and for ph_technical, i found below: ph_technical also why the error occur now earlier there was no error encountered. regards, ph_user  ph_user  ph_user greetings thanks for update. what about the error still system is raising. this morning also we got the same. ph_technical ph_technical ph_technical please check these errors and update us accordingly. regards, ph_user  ph_user  ph_user greetings i did not find any error related which were pointed. for the other errors i already raised new ticket. regards, ph_user  ph_user  ph_user greetings it was already ph_technical in different tickets (see below), but still we have not yet received any update. ph_technical regards, ph_user  ph_user  ph_user greetings the error is still appearing. all the related information has been already provided, so what is pending from my side as i got a reminder? regards, ph_user  ph_user  ph_user greetings please find below error while checking the alert log on ph_technical test: ph_technical",High
1006128,"dear  ph_user . shall we arrange to do so ..? you can advise time /date. regards. ph_user . dears. please be noted that all users facing an issue on arabic interface , where they haven't any if they using english . please check urgently , as branches users were not able to work in english. regards. ph_user .",Highest
1006139,"any update on this please we are waiting the suggested query to show and fix the affected services what is exactly needed? is this query will solved issue? dears, this ticket is for tracking updates on services creation date, please provide us with latest update. regards,",High
1006150,"dear support team any update please regards dear progress soft support team regard ticket (ph_technical) that opened before please note that we try to follow up all the steps that provided earlier to step up the  ph_user  link for the edge browser regard the end of life for the ie is in next june , we face the following error 1- while open the image capture screen the page open as while page . 2- the edge browser while open the  ph_user  link is requested to install the ph_technical program note that this program is already installed waiting you kindly feedback regards",Medium
1006218,"i have uploaded the ph_item image. please check. ph_name branch head mr.  ph_user   ph_user  has approved to change the status. kindly proceed. branch head confirmed that all ok. thank you for your support. kindly close the ticket. we have a ph_technical stuck in ph_technical which can neither be processed nor deleted and when it is scanned again, it gives the “duplicate” error message note that we have followed the following steps (which you had previously recommended and had worked for all stuck ph_technical) but still didn’t work: try to log in to ph_technical ( from branch head user ) and then go to (tools ph_technical scan monitor) then delete the ph_item (sequence numbers might appear instead of ph_item number but it’s the same) then let the tellers scan it again and process it",Medium
1006237,"dear we checked and we are unable to modify ph_item number dear  ph_user attached ph_item details good day ph_technical number ph_technical we are unable to modify ph_technical number ph_technical noting that ph_item was returned by pay bank last year , and its still on master query , it should go history . appreciate your help",Medium
1006253,"dears, please check resolving alias over uat, as it returning internal system error and appears pending on messages. regards,",Medium
1006256,"greetings we cannot receive the files which are mentioned on attached file from ph_name, can please check from your end and update.",Highest
1006259,"greetings kindly advise to setup a monitoring alert email setup for such cases. if there is no response from core banking for certain period of time or certain number of transaction, them email to be triggered so that we can early determine and take care of the situation. there are hundreds of transactions which the user has to check it manually and time consuming. kindly check advise any possible solution for this issue. this issue has repeated 2-3 times and not fixed yet. thanks for your prompt supports. greetings please advise if you want to run the status query on all schemas. is it possible to setup the alert in the  ph_user  application or database level. greetings kindly refer ticket ph_technical also, all the ow ph_technical were stuck at ph_technical export ( ph_user , ph_technical, ph_technical), and there was no alert and we got  ph_user  customer complaints. there should be a monitoring tool ph_path for all the services and the queues. if any service is hung or any queue stuck for certain time or certain numbers of ph_technical, an email alert should be triggered. kindly check and advise on the permanent solution for this. thanks. we have already setup an alert for the application tomcat pages like  ph_user , ph_technical, onus, ph_technical. but at the services level i don't think its possible. kindly advise. how many man-days we are left with and when are they getting expired? greetings we are checking with  ph_user  on the man days. ph_user  ph_technical are stuck in ph_technical and ow. kindly connect and check urgently. normal debit service presentment service",Medium
1006279,"greetings server ph_technical and vpn network provided. if you need amy more help let me know. ph_technical ph_technical ph_technical ph_technical thanks ph_technical ph_technical ph_technical ph_technical greetings based team below request done. thanks greetings connection granted to sftp server. after you deploy application let me know to start testing. thanks greetings i sent your update to  ph_user  and  ph_user  and wait feedback. i will update you asap. thanks greetings we waiting  ph_user  for meeting greetings apologies for the late reply, however my day were full of meetings and engagements. i will let our support and implementation team know about this meeting and arrange for it maybe tomorrow evening, i will keep you posted. regards, ph_user . thanks greetings can you please provide me update for fe servers, we have meeting with management and need to provide them deadline. thanks greetings based agreed on last meeting to create 4 flat servers, kindly your update on current status. thanks greetings thank you for great job, we will try to keep under monitoring. do you have any suggestions to monitor fromdatabase? thanks greetings on previous ph_technical we checking for any pending sms was as below query. how to apply same in new design. ph_technical ph_sql thanks greetings to apply monitor new schema we need to know how to monitor pending notifications or sms. i tried use query as previous schema (ph_technical), but didn't work. we need such query to implement on ph_name to check and notify us in case pending occured. thanks dear ph_user are we have update on this ticket. thanks greetings are you completed testing script? thanks greetings behalf of ph_name. greetings we need to create 2 additional servers for ph_technical app,i will clone 2 server from ph_technical, please your help to check the configuration. thanks",High
1006288,greetings kindly note that we are encountering the attached issues with the support desk and the dashboard. please provide your feedback.,High
1006292,"dears, kindly start deploying uat release on production tonight mkaing sure release is ready at 2 am 26 of  ph_user : release notes: ph_technical release notes ( ph_version ) fix details the pin ph_technical otp must be encrypted in notification page fix the returned reason on onus  ph_user  and receiver doesn’t exist (receiver not defined) the balance before value appear incorrectly change the field ph_technical to optional upgrade spring version ph_technical ph_technical ph_technical sending first pin when creating ph_item service ph_name release ( ph_version ) fix details enhance the logs in ph_name regards,",High
1006331,search filter not working properly on ph_name ui.,High
1006514,"greetings thank you for update please close the ticket.. best regards, greetings the customer with id ph_technical, tried to deregister and received error stating ‘ customer with open accounts can not be closed ’. also kindly check the ph_technical is registered with ph_name ph_name account. note:the customer not able to do any fund transfer due to this issue. ph_technical the logs best regards,",High
1006522,"dear  ph_user since the new schema is available and complete you can delete the old schema witch is not updated. confirmed. dears kindly note that the last date for ph_technical is ph_technical ph_path , that means archive nor working properly. your help asap",High
1006523,"dears we have ph_items refused by technical reason and the ph_items was in rejected technical page, the auto reply start and change the reason from ph_technical to null. the reply file rejected from ph_name negative ack. ph_technical",High
1006527,"greetings we are working on it and will update you accordingly. best regards, greetings the customer trying to register to ph_technical for ph_name conventional but getting below error: ph_code ph_code ph_code ph_code note that they are passing the correct country code and customer civilid. please find the logs and advice best regards,",High
1006536,"greetings this is in prod, ph_technical ph_technical greetings please let us know for any update as customer is asking for the update on the ph_item greetings please share an invite over email, or here greetings could you please update on the issue, thanks, ph_user greetings i did sent  ph_user   ph_user  email and they are available at 10:30am greetings could you pease provide update on this as its still not fixed by ph_name, thanks, ph_user greetings could you please update on this issue as its told that the issue is pending with ph_name thanks, ph_user greetings please note that customer keeps complaining, we can’t keep him waiting further. thanks, ph_user greetings the ph_item was asked to manually handle by the user, hence can be marked close thanks, ph_user greetings please close the ticket, its communicated the same, thanks, ph_user the below onus ph_item scanned on ph_technical ph_path and since then the status of the ph_item is ph_technical routing services, could you please ph_item and advise.",High
1006548,"greetings what is the update from your side about the remaining findings?also kindly let me know if those fixes were included in the latest fixed deployed ph_technical or they will have a separate fix to deploy? thanks and regards, greetings kindly provide us with a date of when to expect this fix. thanks and regards, thank you  ph_user , we are waiting for our iso team to scan and validate. greetings due to other commitments by our security testing team,it was decided that the outstanding security issues will be validated as part of our project - ph_name 1.2. it was communicated to your team as well. thanks and regards, greetings a security assessment on ph_name ph_name application was conducted and a total of ph_technical issues were detected ( 2 high - 3 medium - 13 low) the report for the above is attached for your reference and action.",Medium
1006560,greetings we can close this ticket thank you for your actions. greetings i see in ph_technical database some invalid procedures. i need your help to confirm status and handle this issue. ph_technical thanks,Medium
1006565,"log snippet: ph_logs greetings as requested, attached are the parameter values from prod. regards, ph_user  ph_user production managed server  ph_user  crashed due to heap out of memory error",High
1006593,greetings kindly remind. based on ph_name we tried to do manual resend on psp put transaction still pending. bank transaction: ph_technical ph_technical ph_technical,Blocker
1006597,"hi, please close the ticket. hi, users are getting error while working on ph_technical on ph_technical ph_technical ph_technical and 400. they are getting this on edge only. please check screenshot",Medium
1006608,"any update ph_technical dear, we have around ph_technical transactions, occurred due this time-out issue, could you please advise. as per log i provided, we noticed that transactions take time more than usual 4-6 seconds in the processing phase. accordingly, please advise what is needed from our side, and let us know root cause for such issue as this is affecting customers directly. regards, indexes has been creating we are monitoring system this case is still under monitoring please don't close it any update please regarding latest sample provided by  ph_user greetings find below new ph_technical samples happened yesterday. ph_technical find attached log on 06 of june 2022 will be waiting your feedback what do you mean we don't have a timeout ph_technical do you processing time is into normal range, and if this is the case what has caused those transactions to get timed out keep this ticket open, if case happened again will provide you with samples, for now we have no new cases find below samples happened yesterday. ph_technical find below yesterday samples: ph_technical any feedback on thursday samples what load balance has to do with this issue ph_technical greetings find new samples for timed-out that happened yesterday, card number date and time ph_technical ph_technical ph_technical ph_technical and we will get you the ph_technical ph_path report soonest. regards, will check what has been built and let you know the result dears, kindly note that we faced an issue on ph_name transactions between 17:30 - 18:00. ph_technical to check sample ph_technical regards,",Highest
1006613,dears ph_user we have invalid files as attached regards,Highest
1006627,يبدو بانه ليس جميع ph_item المعاده بتاريخ ph_technical ph_path تم ترحيلها ؟؟؟؟ ph_item ادناه معاد ب ph_technical ph_path ولم يتم ترحيله على برنامج ph_technical,Medium
1006671,txn status have not been properly updated after 12:15 noon today. logs attached. ph_technical ph_technical,High
1006673,"greetings if you please refer to mr.  ph_user  ph_name we have been today in zoom and i explain to him what we need regards greetings can you inform us where we can find it in the authority matrix regards greetings we follow with concern ant waiting their reply but if you can help us and inform us exactly from where we can add this authority as mr.  ph_user  inform you regards greetings attached our it reply regards greetings attached it replied regards greetings attached below it replied greetings please note that the different between role ph_name dashboard and authorities granted to your user is not contain change ph_technical ph_technical ph_technical option. ph_name dashboard ph_name user : ph_technical files management role greetings i send it in the comment regards greetings attached a new one as your request regards greetings as per our authority matrix couldn't granted ph_name dashboard role to my user because its contain option (change ph_technical ph_technical ph_technical ) shouldn't be at the checker only at the maker, and the ph_name dashboard role granted to full user regards greetings they add the  ph_user  roll and its work even i have the same authority as the roll ph_name dashboard regards greetings yes its work regards dears please we need you help to see details table for every queue in dash board screen regards",Highest
1006683,صباح الخير كل عام وانتم بخير يرجى تعديل تاريخ تبليغ ph_item بنقلها يوم بمناسبة يوم الاستقلال حيث ان يوم ph_technical ph_path سيكون عطله رسميه وشكرا,High
1006694,greetings kindly provide a suitable time to connect regards greetings kindly assist regards greetings well check at 1 as well in the same meeting regards greetings kindly clarify what is the connection needed for and with which team regards we constantly have communication pending and failed ph_items as highlighted,Low
1006715,"downloaded. confirmed the ph_items inserted successfully with valid date on ph_technical and  ph_user confirmed the ph_items inserted successfully with valid date on ph_technical and  ph_user dear  ph_user the attachment (ph_technical,zip) contain three imager capture ( ph_user , ph_technical and onus), witch setup i have to install? or install all setups? and why you didn't update to install all needed in 1 setup. ph_technical dear  ph_user i think it's not write, because all previous versions we installed it by one setup. dear  ph_user i tested the new image capture and it's work correctly. your advice. dears kindly see the attached, the post ph_technical is wrong, knowing the employee put it write .",Highest
1006717,"greetings communication service is in yellow after checking we found there are ph_technical pending under communication, could you check and assist us . talent with ph_name is working fine and logs attached ph_technical regards,",High
1006725,"good morning dear we made reset ph_technical export but batch remained on failed batches dear there is no error but usually when we press reset then export , ph_items move to ph_technical store ph_technical ph_technical journal entry is made or we press export , and made ph_technical manually , at all cases if we press export , ph_items move to ph_technical store now , no error is shown, but its not working ph_user dear  ph_user no error code appear, but its assumed when u press export to move ph_items to ph_technical store and entry is either made auto or manual on the banking system now , if you press it , the ph_item remain at failed batches. greetings ph_user dear  ph_user  and  ph_user as per ph_technical  ph_user  below email appreciate your help to ammend commission suffix for ph_items mentioned for customer number ph_technical and status is charges on batch level from ph_technical to ph_technical so we can fix the failed batch many thanks below is mr.  ph_user  email greetings the system prevent you from completing the transaction if the ph_technical not found. kindly change the commission ph_technical then try regards dear  ph_user kindly note ph_items statuses is still charges on batch's level and they disappeared from failed batchs please your help to the the soonest as its end of the month dear  ph_user we did the repair , and made reset for them for failed batches integration but their status still the same greetings ph_user ph_user ph_user we have a new batch on failed transaction we do reset ph_technical export and with the same result , they remain on failed integration batches we need your help to examine this issue good day , kindly note that there is a batch on on integration failed batches , using reset ph_technical export but that batch remained on the integration failed batches please your urgent help , so ph_items can be deposited to customer's account to the soonest time possible. thanks",Highest
1006726,"greetings below feedback was shared with client support team. keep the ticket till tomorrow noon and if no response from us, pls. close. thanks. greetings our client support is testing the ph_name in ph_technical edge browser it compatibility mode. sites added in edge ie mode. after entering the credentials when user clicks on login button, login page relaunch in new ph_technical window even though we made edge as default browser. we need ph_name technical support for further troubleshooting. screenshot is attached.",High
1006781,"greetings please note that we facing the same issue with user : ph_name regards dears , please we need to delete user but the attached error appears",High
1006784,"greetings please re arrange this call. regards, lets have a meeting next week on monday to cover all issues that needs my attendance i will send teams meeting over email. meeting will be tomorrow at 03:00pm lets have a call today noun find attached sample that have same behavior and has two record on ph_technical table please keep the updates lets do this today at 3 pm lets meet on sunday , please arrange call at 03:00pm you can arrange meeting at 3:30 today greetings what is needed from this call? please call and arrange on this with  ph_user . ph_technical regards please arrange another call ph_user   ph_user , send zoom anytime. check this on 3rd of nov ph_technical, we are facing this issue redundantly lately any update ph_technical ph_technical ph_technical any update dears, kindly note that we a have a success trx on ph_technical, outward direction, but don't appear on transaction summary report. ph_technical ph_technical, and we can connect to check case. regards,",High
1006791,"ph_technical team has requested the below through email on  ph_user  ph_technical, 2022: as we discussed in the call regarding ph_technical, we need to delete personal data from ph_country. ph_technical needs to be updated by ph_technical to delete records associated with  ph_user  retention policy. we need your help to identify and collect the below. deletion of ph_items need ph_technical scripts to delete the older data regards ph_name",Medium
1006809,"greetings we faced same issue today morning, could you please arrange to connect and check . regards greetings please find the attached logs as requested. regards greetings please find the attached excel sheet as requested. regards greetings please find the attached logs as requested. regards greetings currently we have new case on production, please arrange to connect and check greetings please find the attached logs as requested. below ph_item details ph_technical dears, what is the update here? ph_technical regards dears, any feedback? regards greetings will complete the test on uat environment and confirm back to you shortly regards greetings we are facing issue semi daily in the ph_items which is presented from ph_technical and rejected from  ph_user  side with reason invalid claim, when the customer present it again it keep stuck in ph_technical failed page, please arrange to investigate and do the needful regards",High
1006839,"dears, team viewer ph_technical ph_technical urgent! dears, the  ph_user  system failed , no integration transaction , all ph_items integration failed item (ph_technical,  ph_user , inward) regards,",High
1006841,"greetings please close the case. issue is resolved. hello we have a ph_item ph_technical ph_technical is not matched in central bank onus, please check. regards",Medium
1006849,dears ph_user ph_user ph_user we have one on the system for your concern regards dears ph_user ph_user dear  ph_user  did you chick the fields that appears today regards dears ph_user ph_user please note that we have invalid file regards dears ph_user ph_user we still waiting your feed back regards dears please inform us what is the expected date to finish it regards greetings please can you inform us if their is a date to finish resolving the problem knowing that a lot of files appear in daily basis regards greetings please note that the ticket is open from long time and we need to solve it regards greetings ph_user the test on inward ph_items or outgoing ph_items ph_technical ph_technical ph_technical and please note that its difficult to do test four such case regards greetings ph_user we do the test and its ok for outward and inward and returned ph_items no invalid files appear but this mean that the problem is solved ph_technical ph_technical also should we need to wait for the ph_technical to be closed tomorrow regards dears ph_user ph_user sorry for being late i have been in vacation please note that the ph_items statues either inward or outward didn't change to final statues after the ph_technical closed as attached regards greetings i replied on the ticket on thursday please chick from your side regards greetings ph_user its ok now regards dears ph_user ph_user ph_user you need to stop the all systems on  ph_user  and how it will take time regards dears ph_user ph_user ph_user today ph_user ph_technical please confirm regards dears ph_user ph_user please note that 4 files appear today as attached regards dears ph_user ph_user we do retry to 1 file and the file disappear and also the 3 remaining files disappear automatically regards dears ph_user ph_user please note that others 4 files appear with letter v ( 2 files for each time ) regards greetings yes regards dears ph_user ph_user please note that no files appear on thursday and today we will keep monitoring till the end of this week and inform you regards dears ph_user ph_user please note that today appear 2 files with letter ph_technical we will keep it upon your request waiting your reply regards dears ph_user ph_user please note that files with letter ph_technical is appeared in daily basis same as the ph_technical files that had been appeared before regards greetings any update please as you know its happen daily and frequently in the same day regards greetings do you collect the needed data when you connected now regards dear ph_user uploaded the needed file but please note that the invalid files increase in the last days regards greetings attached 2 file regards greetings can you return ph_item if you connected regards dears ph_user ph_user please note that 1 file appear as attached regards greetings please note that that the count of such files is increasing in daily basis more than before please your quick action in order to close this issue regards dears for out going ph_items only the test regards greetings we do the needed test no invalid file appear regards greetings please note that yesterday i inform you that we do the needed test for outward and inward and no invalid file appear regards greetings ph_user confirm regards dears ph_user ph_user do you want to stop the system regards greetings waiting your reply please regards dears ph_user ph_user ph_user ok for today @ 10:00 regards greetings the attached file appear today regards greetings please note that no files appear yesterday and today regards dears please note that in the last period the invalid inward file management with letter r is increased and appear daily attached sample regards,Highest
1006856,"greetings as a part of migration from the cloud to on premise. we are testing the  ph_user  integration in the on-premise environment and have faced this issue as shown in the screenshot and the root cause was unknown from our side. kindly advise. regards. greetings as a part of migration from the cloud to on premise. we are testing the  ph_user  integration in the on-premise environment and have faced this issue as shown in the screenshot and the root cause was unknown from our side. kindly advise. regards. greetings we have check the issue and we couldn't find any root cause. kindly advice if you  ph_user  check with us. regards. greetings the urls have been changed in the new test environment as following: ph_link ph_link kindly advise if we can have a session to confirm the connectivity or any further investigation aside that needs to be done. regards, greetings can you please confirm the connectivity?. as we are blocked from progressing. regards, greetings kindly update. regards. greetings kindly advice to check the issue in a session, as per ph_technical the session was opened and the connection was stable. regards. greetings kindly try to telnet to ph_ip_address : ph_technical, ph_technical, ph_technical (ping). this ip is port forwarding to our cbs. the connection is already tested with ph_technical network team. please double check and confirm. regards. greetings kindly update. regards, after scanning the ph_items, the error of customer information can't be retrieved as shown in the attachment. kindly advise.",Medium
1006870,give this ticket to  ph_user we already updated the uat environment yes we can plan on any weekend. check logs,Medium
1006872,"greetings transaction with charges for the same receiver : ph_technical greetings any update please! please check why the system did not calculate charges on the receiver side for the below transaction: transaction reference: ph_technical based on the defined slice, the system should calculate charges 6% note that the charge slice was not update when the transaction occurred.",Blocker
1006882,ph_technical the body of ph_name message contains toe tags for amount ph_code,Highest
1006918,ph_technical,Low
1006956,"dears, please note that  ph_user  ph_technical dones't take ph_technical backup, please assist. best regards, ph_user",High
1006971,"greetings kindly find the attached output files from database and application server. greetings kindly see below the details of ph_name preventive maintenance to be done remotely by  ph_user    ph_user . date: wed. 15- june ph_technical confirmed by: ph_name  ph_user ​ thank you and best regards, ph_name team",Medium
1007003,the ph_item status now shows as “accepted” but ph_technical. date seems to be blank. this has to be rectified as ph_technical. date will be required for future enquiries. the below ph_item status differs in ph_technical and  ph_user . kindly advise. ph_technical in ph_technical – ph_technical request export in  ph_user - accepted.,Medium
1007010,"in attached you can find ph_technical report for ph_technical and ph_name in blocking period. greetings can you provide me between which systems you need stats? thanks greetings kindly note i checked number of sessions and was under normal (377-430) max 984. based issue must be there abnormal behaviour from ph_name to ph_technical, because after ph_technical ph_name blocking gone and sure there some thing affect ph_technical. did you checked ph_technical ph_path application logs? thanks greetings blocking not related to tcp behaviour it's related to many sessions use same records as ph_technical from ph_name to ph_technical. seem there was issue on ph_name to generate update query please check below query from ph_technical ph_technical we discussed this issue internally and impossible to related to network, please check with  ph_user  to check more. thanks greetings no such ph_technical in ph_name or ph_technical, please check it again please. thanks greetings what the purpose of this action? if tuning, already i do this daily on all databases. thanks let us wait developer feedback since we have no root cause. greetings do we have update for this ticket? thanks greetings you can close this ticket, issue didn't occurred again. thanks greetings we ph_technical to know root cause of blocking that occurred before few days on ph_technical and handled after restart ph_name service. thanks",Medium
1007026,"appreciate urgency to ensure that the service is functional post dr shifting last night. thanks greetings it happened again, appreciate joining meeting with  ph_user health check monitor job is 0% red",Highest
1007104,"greetings you can coordinate with my colleague ph_user to check this. thanks greetings we restart the service yesterday, but unfortunately the list stop downloading, we don't receive any mail and on system there is nothing for today. regards greetings we need to finalize this issue, as this the only list failed to be uploaded on system. regards greetings kindly reminder. regards kindly reminder greetings at 12:30 pm thanks greetings we now receiving failed for below lists also: ph_technical greetings today after 03:00 ph_technical greetings we're facing issue in tomcat and ph_technical , today the system was not working ,i restart it and after that the system work fine. regards greetings kindly reminder. regards dears, for several weeks this list failed and this cause less accuracy for ph_technical system, so we need fast response to solve this issue. ph_user regards greetings we can connect but you need to send webex and take control to check. regards greetings you can send the webex to ph_technical ph_user , to connect with you and check. regards attached greetings kindly inform us what the purpose for this upgrade ,so we can have the necessary approvals. regards greetings before that we need to upgrade the ph_technical tomcat to the latest so we can close vulnerability . regards greetings when we can apply it on test site , so we can test and after that apply it on production . regards greetings still the list failed. regards greetings we can't test this on production as the list still failed on test. regards greetings list uploaded as requested. regards dears, kindly your support to check attached screenshot for failed ph_name download list",Medium
1007123,"screenshot attached. greetings screenshots attached. greetings attached from archive, can see the ph_item image in archive. greetings any update please? hi  ph_user any update please? hi  ph_user any update please? greetings we can connect tomorrow at 12:30 ph_technical time, please confirm. greetings we can connect today at 12:30 ph_technical time, please confirm. hi, issue still is there, we need your help to check the clearing ph_technical greetings , any update please? greetings we can connect tomorrow at 2:00 pm time, please confirm so i can send meeting invitation greetings i am fine, please send me meeting invitation for tomorrow. greetings can you please send meeting invitation to all parties. greetings can you please update us as this ph_technical the customers. thank you team we are able to see the ph_items now. greetings can you please check this with ph_name to avoid such cases in future. user is facing an issue in one of ph_technical clearing ph_technical, she was trying to access the ph_technical and she got an error message, please check and advise ph_technical ph_technical please find the below screenshot as requested",Medium
1007129,"greetings for now let's forget about encryption and at least apply complex password. kindly provide your comments in order to change the password in ph_technical to a complex password greetings there is a an audit observation regarding the password of the ph_technical in all ph_name applications as currently the password saved in a clear text. let us plan to encrypt all the passwords. kindly advice. regards,",Medium
1007137,يرجى معالجة الثغرات على نظام ال  ph_user  بعد فحص penetration test مرفق الملف,High
1007142,"dear, attached prod app files as requested. regards",High
1007200,"greetings kindly send me a meeting , i am available till 3:00 pm today. regards, ph_user   ph_user greetings kindly send me a meeting to apply it regards, ph_user   ph_user greetings this change is applied now on sit environment, find the attachment “ ph_technical gateway - https config.png”. if you have any concern then send a meeting link on ph_technical ph_user, email thread “ re: https ph_technical gateway ” regards, ph_user   ph_user dears, we need your assistance to change ph_technical gateway url to https. regards",High
1007203,"greetings we know that bank connection mode can be changed from online to contingency via the  ph_user   ph_user . kindly advise how to manage contingency users. case: new bank opened a branch in ph_name, the bank has been added to ph_technical and synced with ph_technical. the bank want to use contingency to join ph_technical. regards.",High
1007210,greetings any update please. greetings please update us ! we can't delete customer device from customer mobile view screen. we select the device and chose delete option then we can't make approve to this step because the bulk workflow actions pick list does not open. please find the attachment. mobile number: ph_technical,Blocker
1007212,"when saving ph_name ph_item bill, then go to the saved bills list and click on the bill to pay it, the frontend calls ph_technical ph_name validate and ph_name get invoices (ph_name integration through ph_technical) instead of postpaid inquiry (ph_name integration through ph_name) ph_technical ph_technical",Blocker
1007240,"please see mr. ph_name notes in attachment as a supplement for ticket. dear ph_name we need a financial offer in terms of money and time for the migration and configuration. dear  ph_user kindly note that the administration's orientation to move dr site on cloud, please advise that the  ph_user  system applicable to work from cloud and has your system previously been running from the cloud? if yes which public cloud work on?",Medium
1007244,"dear team we moved the service to production lets monitor for some days closely together. greetings we are still getting issue for your reference ph_technical is ph_technical please check this with high priority thanks, ph_user greetings please provide fix for data mismatch at the pay side , its creating very critical issue. thanks , ph_user greetings please check it with high priority! ! since this is creating financial as well as reputational risk please give the fix urgently. greetings we are checking this and have requested some banks to use new ph_technical, we will let you know. in between please provide the fix for data mismatch at earliest basis. thanks , ph_user greetings yesterday and today also we have faced similar issue with ph_technical name mismatch , pls check greetings we have got this case with other client as well ph_technical, please need to solve this urgently. what are we planning further after enabling trigger, there are no logs generated in tomcat nor in servicee.please plan urgently for this issue. greetings we have applied this in production lets monitor for some days. thanks, ph_user greetings lets monitor for some more days. for ph_technical intact also we are checking with banks to implement new ph_technical file in their workstation which  ph_user  take some time. ph_technical name mismatch also not reported currently, lets keep this as well under verification for some days. thanks, ph_user greetings as discussed ph_technical name mismatch issue is still present there please check . sample ph_technical thanks, ph_user greetings pls find as attached. thanks, ph_user greetings please update. greetings as discussed the ph_technical name and pay name is not coming in inward master query report in test and also there is one extra section related to ph_technical ph_path name in report which is coming blank in both outward and inward report as attached in screenshot. thanks, ph_user greetings ph_user  service 1.4.8 verification in uat and implementation in production regarding wrong data mismatch and ph_technical intact issue. thanks, ph_user",Medium
1007254,"greetings what you need to check so i can prepare. regards, dears, what is the update here? the customer keep calling to withdraw his money kindly advice. greetings kindly update on this status. the customer is upset and we don't have an answer. the ph_item still not showing in any screen. regards, greetings the issue is more than a timeout.. as per my understanding if any ph_technical timed out or any errors with the ph_technical the transaction must appeared in failed transaction page. in this page the user can retry again to call the ph_technical or export the transaction for manual processing. the issue we have is we cant find the ph_item anywhere in the application. but we see it in the report and the teller cannot process the ph_item again. the current status now is the amount is debited from the ph_item account and its on hold for the beneficiary account because we did receive the final posting message. i hope its clear what the issue is. regards, greetings kindly update. dears, kindly update. dears, kindly update on this. dears, our branch processed this ph_item in onus and they are not able to find it anywhere in the application. the status is ph_technical initial posting service. they tried to find it in failed transactions page but its not there. the transaction done yesterday 26 jun i will attached the ph_item details in the attachments.",High
1007255,greetings thanks for your support. there was connection interruption in our side. now user can able to connect the applications. issue that  ph_user  isn’t reaching ph_name from ph_name also facing slowness and interruption in ph_technical. and many payments are got stuck in pay hub.,Highest
1007260,"ph_name purchase bundle (self) is failed with incorrect mobile number, the area code is sent twice ph_code",Blocker
1007261,"ph_technical ph_technical ph_technical of on of the ph_item is attached greetings i think you are not getting the issue. everyone of us know that the cycle becomes ph_technical for ph_technical edited ph_items, but the issue is that without ph_technical edit, the ph_technical of one ph_item ph_technical has been updated to ph_technical of another ph_item which is not a normal behavior by the bank. kindly check the issue severity and update us. regards, ph_user   ph_user greetings both parameters in central and bank schema have been updated. ph_sql ph_sql regards, ph_user   ph_user greetings we will apply fixes after today's business date. the issue appears today as well. ph_sql ph_sql regards, ph_user   ph_user the ph_technical package body has been deployed in production. regards, ph_user   ph_user greetings i have attached ph_technical package from production for bank schema and central, kindly to change and send the entire package. regards, ph_user   ph_user greetings we have applied in production today, lets have close monitoring. regards, ph_user   ph_user dear sir ph_path , this is for your immediate notice that while presenting two different ph_items from different banks, the pay bank is receiving same ph_item number in its inward with cycle ph_technical, this has serious flaw in the system. hence, requesting you to verify the inward page issue in serious way and update us the same at a soonest.",High
1007271,"dears, we need your kind support to delete old  ph_user  logs because its taking big size in our storage. regards.",Blocker
1007291,"greetings as discussed please check this issue as well with priority since this is creating issue with daily working of the user. greetings any update on this ticket, this is hampering daily business work, since already modified users is also again facing same issues while updating and each time need to update from ph_technical , so please help to solve this case. thanks, ph_user greetings any update on this ticket, this is hampering daily business work, since already modified users is also again facing same issues while updating and each time need to update from ph_technical , so please help to solve this case. thanks, ph_user greetings this also happening nowadays with newly created users from ui. thanks, ph_user any update? greetings any update on this? thanks , ph_user greetings we are doing manual invention for this during day one which is critical since we are disabling trigger and update the users everytime so please escalate this issue to be fixed from system itself since this case is occurring for newly created user as well with migrated users. thanks, ph_user greetings please provide any update on this , we are getting this issue on regular basis with multiple users. please check this with urgency. thanks, ph_user greetings any update on this? thanks, ph_user greetings users are facing this issue on daily basis so please check this with high priority. thanks, ph_user greetings please find attached files as per requested for issue users , its for around 3 users who faced similar issue. thanks, ph_user greetings any update on this? thanks, ph_user greetings please update we have been waiting for this issue from very begining of our migration ,and we are getting this issue daily and its coming for newly created users as well. so please expedite and provide fix for this, update the users from database manually everytime is very risky task. so please escalate this issue now with high urgency. thanks,  ph_user greetings we will test and update you shortly. thanks, ph_user greetings as we tested and checked in uat its working pls confirm to apply in live. thanks, ph_user greetings this has been applied in production , lets monitor this for some days. thank you, ph_user greetings we are not able to update users, ph_user ,role privileges and expiry date its prompts, sorry object is locked or not exists. currently we are doing manual work around by updating each user which is risky , so please help to provide fix to be working along with gui.",Medium
1007295,"dears , based on last session last week with ph_name team for test the new link , we found the same issue and from our side we sent some logs for checked by developer team and we still waiting your feedback . regards, greetings kindly find the attached file regards greetings good day as per our phone call , kindly note that we will start our activity today after the bank end day after 3:30 pm to launch the new link regards, greetings good morning kindly note the url is working fine . regards, dears kindly find the attached files. regards",Medium
1007323,"greetings we have created a new user in ph_technical  ph_user , but the user is not able to see any details for ph_technical. whenever user checks details for any ph_item all the fields are empty and check image not showing. image attached. need your support.",High
1007329,"dear's webex link: ph_link dear's we have invalid inward file ( 1 file), kindly your help ph_technical",Medium
1007343,"dears, we need update for issue and fix it asap dears, please provide with image fix to test it on uat dears, we install it and we restart the int. , what the next ph_user we add attached file for ph_technical , please check it dears, still waiting our developer please we need to find a proper solution as current integration from  ph_user  side is very slow for inward and sending ph_items one by one so it is sequential, we really need to change it by multi threading, handling the session is too slow and taking too much time to manage and most of the time we are asking for extension time from  ph_user !",Medium
1007351,greetings kindly note that i need your support to provide me with the necessary steps and procedure to stop  ph_user  dr database for one working day because we need to move the physical server to new physical location next tuesday ph_technical ph_path for more information please contact me on ph_technical regards ph_user   ph_user,High
1007369,"by end of today we will provide you with the new one dears, below are the new url's to use: android: ph_link ios: ph_link you can get the certificate from the url greetings as per our phone call none of them is working regards, ph_user . dears, kindly be noted that the ssl certificate used by  ph_user  will expire in ph_technical ph_path , please advise about the needed from your side as we will generate a new certificate taking into consideration the pinning in mobile applications",Highest
1007379,please assist us to enable ph_technical feature for all outward messages,Medium
1007408,"greetings kindly check the attachments. dear sir ph_path , this is for your information that we have observed flaw in inward ph_technical process where ph_items are replied from clearing approval on 11:29:43 am and status updated to ph_technical but the same ph_item was auto-rejected in the system by the ph_technical job despite of having grace period in reply. this has provided serious hassles and ph_technical penalty to the pay bank, hence request you to verify and provide necessary fix at an earliest. regards, ph_user   ph_user",Medium
1007417,"as part of the daily monitoring task, we have found that there are some exceptions that are occurring many times in the trace logs of the ph_technical central. i have attached few of them for your reference. we concluded that the attached error is not normal behavior, and it is an issue. requesting your kind action on the same as this is a production issue.",Highest
1007420,"greetings the schedule is attached. thanks , ph_user greetings since we dont have old system in test , only in prod which is only used as reporting purposes so we could show you the old central system but cannot do any  ph_user  in the same system. greetings we have old ph_technical in 6.52 ,schema name- ph_technical please check once. greetings yes , this is the same issue with new  ph_user  system, but this is working with old production with all ph_technical sessions. so please check we need to make this working for your info pls find the following ticket which we execute earlier. ph_link ( ph_technical ) thanks , ph_user greetings please find as attached both specs and body. thanks, ph_user greetings after the implementation of package in uat seems only weekly sessions are opening instead of regular ones and is also showing some random behaviour as today is thursday but sessions are opening for friday. screenshot attached as ph_file and ph_file thanks,  ph_user greetings please check with urgency as todays also due to holiday session not opened correctly in production. we had to do manual intervention which is very risky in live environment. thanks , ph_user greetings thank you so much for the fix, we will verify in uat and update you. thanks, ph_user greetings we are checking the same in uat and we will update you soon. thanks, ph_user greetings the ph_technical session is not opening correctly on friday for monday, it seems the flag is not working as it was working in old  ph_user . thanks , ph_user",Medium
1007426,"greetings we have attached the error message. greetings we have attached the error message. greetings this issue is appearar for some users. dears, the users are ph_technical integration error after clicking on generate under the attached page please check it urgently.",Medium
1007438,"go ahead this transaction ph_technical, ph_technical jul 4 15:54:57 had duplicated in one second to ph_technical, 2022 jul 4 15:54:58, we need to know how its duplicated, that the customer only run out one transaction ph_name",Highest
1007444,"please keep the updates any update please keep the updates here please keep the updates here confirmed dears, kindly note that we are trying to do customer mobile change number ph_technical update on uat and its not working, ph_technical to check please. regards,",High
1007473,"ph_logs greetings currently this issue is not there ,you can close this ticket if occurs later we can create new one. thanks, ph_user greetings we are facing slowness issues in downloading the report for ph_technical. pls help to check. thanks,  ph_user",Low
1007478,"greetings this case is not related with particular bank, its happening on random basis, and also there is no any log related to ph_technical locking. we can simulate in uat as well, this is happening on random basis. its appearing in random in inward section. its appearing in random in inward section. greetings yes this case is simulated in test please check with ph_technical user in ph_technical page. attached for reference. thanks , ph_user greetings the mentioned case was observed in bank's environment , in uat environment i have just simulated the case of frequent locking of ph_items. greetings lets sit at ph_technical ph_technical today. greetings please check below details for further analysis: ph_technical and user id where both opened the ph_item and ph_item lock ph_technical happened are user id in (ph_technical,ph_technical) for ph_technical. greetings we are trying to connect to bank today during issue time, we will let you know soon. greetings as connected please verify the package we can apply in prod to debug the issue further: create or replace package body ph_technical is ph_technical ph_technical ph_technical ph_technical ph_technical ph_technical ph_technical ph_technical ph_sql ph_sql ph_sql ph_sql ph_sql ph_sql ph_sql ph_sql ph_sql ph_sql ph_sql ph_sql ph_sql ph_sql ph_sql ph_sql ph_sql ph_sql ph_sql ph_sql ph_sql ph_sql ph_sql ph_sql ph_sql ph_sql ph_sql ph_sql ph_sql ph_sql ph_sql ph_sql ph_sql ph_sql ph_sql ph_sql ph_sql ph_sql ph_sql ph_sql ph_sql ph_sql ph_sql ph_sql ph_sql ph_sql ph_sql ph_sql ph_sql ph_sql ph_sql ph_sql ph_sql ph_sql ph_sql ph_sql ph_sql ph_sql ph_sql ph_sql ph_sql ph_sql ph_sql ph_sql ph_sql ph_sql ph_sql ph_sql ph_sql ph_sql ph_sql ph_sql ph_sql ph_sql ph_sql ph_sql ph_sql ph_sql ph_sql ph_sql ph_sql ph_sql ph_sql ph_sql ph_sql ph_sql ph_sql ph_sql ph_sql ph_sql ph_sql ph_sql ph_sql ph_sql ph_sql ph_sql ph_sql ph_sql ph_sql ph_sql ph_sql ph_sql ph_sql ph_sql ph_sql ph_sql ph_sql ph_sql ph_sql ph_sql ph_sql ph_sql ph_sql ph_sql ph_sql ph_sql ph_sql ph_sql ph_sql ph_sql ph_sql ph_sql ph_sql greetings we have applied the same in production, please check on urgent basis ph_sql also the ph_item locked date seems coming as future time. greetings please find following details as attached, ph_technical ph_technical table and other ph_item details and logs attached. ph_logs also attached screenshot where user not able to open ph_items. greetings any update on this? greetings please check this issue with high urgency as many users facing this issue which is causing delay in ph_item reply and hence affecting the business. thanks, ph_user greetings we will ask bank to provide the remote connection whenever issue occurs but this issue is not occurring on single banks its happening with most of the banks so again if we could add some more logs to trace this issue as last time also we had added some loggings for this issue and we had received some exception. thanks, ph_user greetings still issue exist. thanks, ph_user dear team any update on this? thanks, ph_user greetings issue still there. ph_technical thanks, ph_user greetings we are getting unusual behaviour of system, where the ph_items are getting locked itself. and due to higher frequency of ph_items getting locked its hampering the business. also, when first user has already opened the ph_item for editing and if second user is trying to open, it should get locked for second user, but its not happening, when first user is editing the ph_item and second opens it ,the ph_items getting locked and its getting disappear from first users who is actually editing it. this was working fine in old system. please check. thanks, ph_user",Medium
1007481,"greetings the ph_technical ph_items which will get presented during the weekend, will be get reply from other banks ph_path on the same day or next business day as its happening currently. regards ph_user greetings thanks for this note. for ph_technical with with ph_item date falling in the weekend but its ph_technical dates changed to non weekend days , is the system still will bring the posting dates back to the original ph_items dates . ph_technical based on the ph_name circular, can we apply the following if not yet available. 1 ph_technical dates should be defaulted to ph_item 2 ph_technical dates should not be before the ph_item date 3 ph_technical dates field should be editable the posting date should not exceed more than ph_technical days from ph_item dates . greetings can we have an update on below business concerns. regards hi, based on the recent circular received from ph_name, can you please check and advise if there is any change to be done at ph_technical side? also if the ph_technical date is falling over weekend, then we will get the funds over weekend automatically? thanks,",Medium
1007497,"dears, kindly we need your support to be available for any support required from thursday till saturday. the service for ph_technical will be turn off thursday at 03:30 pm the ph_technical service will be up and running on friday at almost 08:00 pm the testing will be on saturday at 10 am. regards",Highest
1007511,"greetings kindly find attached vulnerability and advise when we can fix this on live. regards greetings after we download the tomcat what next, as there is no test environment. regards greetings kindly provide us with downtime and rollback procedure, and we well do this next week by coordinate with you . regards greetings kindly note that we will upgrade tomcat next wednesday 21 sep , at 02:00 pm. greetings we need to reschedule the deployment until next week, i will inform you with the details. regards greetings due to data center migration we will do this upgrade next week. regards on behalf of the customer, this ticket is open to check arc vulnerability.",Medium
1007543,mobile number is sent incorrectly ph_code,Blocker
1007557,greetings ph_technical ph_user i suggest tomorrow morning at 10 am regards greetings the meeting is postponed till 1pm regards since we moved to dr the ph_items are not moving from history to archive,Medium
1007567,"dear  ph_user there is no page to change original file reference, your help please. dear  ph_user we need to solve error in fix ticket ph_technical which that the inward files didnt read still new so we can test ph_technical and ph_technical ticket. we can wait to solve the fix to test it in one shot. we need to solve issue fix for ticket ph_technical to start test. dears  ph_user there is no page in inward can change the file reference. your advice. noting that, this impossibility before install fix. dears  ph_user there is no page in inward can change the file reference. can you help me to test it? noting that, this impossibility change before install fix. confirmed dears your help please i have negative acknowledge for inward ph_item and invalid inward files ph_technical",Highest
1007574,"perfect thanks, kindly note we are not able to use ph_technical that the system is running slowly, please check, ph_name.",Blocker
1007580,"hi, as per ph_technical instruction we are trying to process the ph_items on weekends but facing following issues. please check on this urgently. outward ph_items - we are able to approve the received ph_items but entry is not sent by  ph_user  to core banking until next session date. message status ph_technical. refer attachment. inward ph_items are appearing as early items . user do not have option to release the ph_items from early items. regards ph_user",Medium
1007611,open on behalf of the customer,Medium
1007620,"greetings is the issue occurring in any specific page like ph_technical or on all the inward pages? ph_technical is occurring in all pages but mostly reported from ph_technical. if the action gets succeeded if user try for multiple times? ph_technical is not fixed sometime works refresh, logout and login. please send us one ph_technical or ph_technical. and ph_technical to check the case further . ph_technical banks reported for checking you can check with ph_name ph_technical. thanks,  ph_user greetings pls find the ph_technical greetings please find the another ph_technical for today. the  ph_user  app log is attached . thanks, ph_user greetings any update? greetings as connected and checked , pls verify to debug the issue following package can be applied on production: create or replace package body ph_technical is ph_technical ph_technical ph_technical ph_technical ph_technical ph_technical ph_technical ph_technical ph_technical ph_technical ph_technical ph_technical ph_technical ph_sql ph_sql ph_sql ph_sql ph_sql ph_sql ph_sql ph_sql ph_sql ph_sql ph_sql ph_sql ph_sql ph_sql ph_sql ph_sql ph_sql ph_sql ph_sql ph_sql ph_sql ph_sql ph_sql ph_sql ph_sql ph_sql ph_sql ph_sql ph_sql ph_sql ph_sql ph_sql ph_sql ph_sql ph_sql ph_sql ph_sql ph_sql ph_sql ph_sql ph_sql ph_sql ph_sql ph_sql ph_sql ph_sql ph_sql ph_sql ph_sql ph_sql ph_sql ph_sql ph_sql ph_sql ph_sql ph_sql ph_sql ph_sql ph_sql ph_sql ph_sql ph_sql ph_sql ph_sql ph_sql ph_sql ph_sql ph_sql ph_sql ph_sql ph_sql ph_sql ph_sql ph_sql ph_sql ph_sql ph_sql ph_sql ph_sql ph_sql ph_sql ph_sql ph_sql ph_sql ph_sql ph_sql ph_sql ph_sql ph_sql ph_sql ph_sql ph_sql ph_sql ph_sql ph_sql ph_sql ph_sql ph_sql ph_sql ph_sql ph_sql ph_sql ph_sql ph_sql ph_sql ph_sql ph_sql ph_sql ph_sql ph_sql ph_sql ph_sql ph_sql ph_sql ph_sql ph_sql ph_sql ph_sql greetings please find the logs and debug ph_technical also ph_item details attached along. thanks, ph_user greetings please find the package body attached , please share back after applying below mentioned changes : create or replace package body ph_technical ph_technical ph_technical is ph_technical ph_technical ph_technical ph_technical ph_technical ph_sql ph_sql ph_sql ph_sql ph_sql ph_sql ph_sql ph_sql ph_sql ph_sql ph_sql ph_sql ph_sql ph_sql ph_sql ph_sql ph_sql ph_sql ph_sql ph_sql ph_sql ph_sql ph_sql ph_sql ph_sql ph_sql ph_sql ph_sql ph_sql ph_sql ph_sql ph_sql ph_sql ph_sql ph_sql ph_sql ph_sql ph_sql ph_sql ph_sql ph_sql ph_sql ph_sql ph_sql ph_sql ph_sql ph_sql ph_sql ph_sql ph_sql ph_sql ph_sql ph_sql ph_sql ph_sql ph_sql ph_sql ph_sql ph_sql ph_sql ph_sql ph_sql ph_sql ph_sql ph_sql ph_sql ph_sql ph_sql ph_sql ph_sql ph_sql ph_sql ph_sql ph_sql ph_sql ph_sql ph_sql ph_sql ph_sql ph_sql ph_sql ph_sql ph_sql ph_sql ph_sql ph_sql ph_sql ph_sql ph_sql ph_sql ph_sql ph_sql ph_sql ph_sql ph_sql ph_sql ph_sql ph_sql ph_sql ph_sql ph_sql ph_sql ph_sql ph_sql ph_sql ph_sql ph_sql ph_sql ph_sql ph_sql ph_sql ph_sql ph_sql ph_sql ph_sql ph_sql ph_sql ph_sql ph_sql ph_sql ph_sql ph_sql ph_sql ph_sql ph_sql ph_sql greetings the package earlier shared in ticket got corrupted its showing lots of differences. pls check and confirm the attached package is fine to run in production. ph_technical thanks, ph_user yes, its already shared in text file , please check once if need to send again. greetings we have applied in production , lets check now. thanks, ph_user greetings please find log , ph_file as attached. greetings please update. greetings as connected and checked we found the issue is still there as below: ph_logs thanks, ph_user greetings please find the attached log as discussed. ph_technical thanks, ph_user greetings we have applied the same in uat but there was no invalid objects after batch package implementation , we have also completed one full cycle so please let us know if we can move this to production. thanks,  ph_user greetings we will update you on this today. thanks, ph_user attached exception is there while updating the ph_technical",Medium
1007646,"greetings kindly update the ticket with the release notes for both showing the changes and provide valid links as usual, since the ticket doesn’t have any attachments and we are not able to access the links directly to your sharepoint (provide password option). regards, ph_user   ph_user greetings a kind reminder on providing the sql scripts regarding the issue on deployment to retrieve the correct data from the central and insert it into the  ph_user   ph_user  schema. regards, ph_user   ph_user greetings kindly assign the ticket to me ph_user   ph_user  ph_version and ph_technical ph_version releases",Medium
1007666,"dear sir it has been rescheduled for next week, most probably on 27 september. by then, we shall be reviewing all the necessary impacts. i would like to request you to review from your side too including application, net work, certificate, etc. regards  ph_user dear sir yes, i have communicated in wrong ticket. how much time will it take for your ph_technical task? regards  ph_user dear sir please be kindly informed that ph_name has a scheduled ph_technical visit for ph_name which is scheduled to be on july 26 ph_path @ 14:00pm your soon confirmation for this above mention date and time is highly respected regards",Medium
1007671,greetings kindly arrange for a remote session today at ph_technical am to do the preventive maintenance . regards ph_user greetings kind reminder . regards ph_user greetings please join the below zoom meeting ph_link ph_technical regards ph_user greetings kindly arrange today to do the preventive maintenance since last wednesday we agreed to postpone it to this week . regards ph_user greetings kindly note that we will consider this ticket as resolved and close it by end of tomorrow since we don't have response form your side . regards ph_user dear sir please be kindly informed that ealb has a scheduled ph_technical visit for sig which is scheduled to be on july 27 ph_path @ 11:00am your soon confirmation for this above mention date and time is highly respected regards,Medium
1007685,dear sir please be kindly informed that ph_name has a scheduled ph_technical visit for ph_name which is scheduled to be on july/ 24 at 12:00pm your soon confirmation for this above mention date and time is highly respected regards,Medium
1007718,"greetings we have noticed a repeated scenario in  ph_name. the  ph_user  got rejected by our core system but the  ph_user  workflow continue and we sent the file to ph_name. in this case if the  ph_user  rejected, the workflow should stop. please refer to the attached files.",Medium
1007737,greetings grateful for your assistance to unlock the below highlighted user in ph_technical production environment. ph_code,Medium
1007739,"greetings any update please? greetings thanks for update, what is the issue you find out...earlier it was working ..is this at ph_name end issue? ph_technical greetings any update please as we need to processed with our testing. greetings any update please as we need to processed with our testing. greetings still we can not see the ph_items ph_technical new ph_item scanned, however we still can not see it in ph_technical, please see the attached screenshot from ph_technical and ph_technical screenshots attached, please check ph_technical any update please? greetings attached the error we got once we run the statement, please check. greetings any update please greetings any update please greetings any update please thank you dear, can you please prioritize this. we need to fix it this week greetings re-deposited a new ph_item but still can not see it in ph_technical, please refer to attached screen shot greetings re-deposited a new ph_item but still can not see it in ph_technical, please urgently check and advise greetings still we are facing some connectivity issues, can we connect tomorrow at 11:00 am ph_name time for further investigating and troubleshooting. greetings still we are facing some connectivity issues, can we connect tomorrow at 11:00 am ph_name time for further investigating and troubleshooting. greetings the connection issues is resolved now and we can see the ph_item in btcs. but we are facing issue with the onus ph_item which is rejected in ph_technical and in ph_technical showing as ph_technical pending, can you check what is the reason, i have attached images from ph_technical and ph_technical greetings can you please update us in this? greetings ph_technical status is ph_technical pending reply but our ph_technical is not getting any hit from ph_technical, can you check and advise. greetings as requested log uploaded, please check. greetings can you please update us in this. thanks greetings please help us to check this asap. greetings do we have any update on this issue please? greetings we have a project release and we want to sort it out as soon as possible, can we connect today to check the issue. greetings we can connect at 12:30 pm ph_name time, if you are ok, let me know so i can send meeting invitation for all. meeting invitation sent, please accept. ph_link greetings all logs are uploaded, please check. greetings logs are collected, but i am unable to uploaded because it is big files, i will arrange a meeting on next monday to check the logs over the zoom call dear  ph_user   ph_user all the teal will be available in the meeting today at 1:30 ph_name time, can you please arrange to attend ph_link thanks  ph_user , issue resolved, you can close the ticket . the issue is we have scanned the ph_technical ph_technical(outward clearing) and it got deposited, but we are not able to see the deposit entry in ph_technical queue, please check and advise.",Medium
1007771,"dear, can we get the exact break point? so we can investigate our internal ph_technical logs if needed. for ph_technical participant its showing success status and nothing failed. so business are confused why its auto rejected. regards, dear, i will rephrase my questions. what can business do to insure this never happen again? they confirmed accepting the ph_item and not delayed from their side. where to check this type of failure and how to solve it in short time? so the customer is not affected due to this delay. can business process the same ph_technical again? regards, dear, can you provide us a screenshots for change history? you can find it on the ph_technical . change history attached its a feature from ph_technical central can be shown on teller's ph_technical, and you can only solve it by presenting a new ph_item. the teller didnt see any failure on his screen, where is this? unfortunately, no it cant be processed twice, you have to present a new one as mentioned in point number two. the ph_technical presented by the beneficiary, you mean the teller should ask him to go back to the buyer (ph_technical issuer) to get new ph_technical this wont be acceptable by the customer. regards, hi, any update on this case? dears, the branch has processed the ph_technical deposit through he system and go deposit accepted status, screenshot attached and ph_technical advice. however, the transaction didn’t get posted on core. in ph_technical advice its saying auto rejected! but why. and we have checked ph_technical onus and couldn’t find the ph_name. please let us know what happened.",High
1007811,"greetings kindly reset the maker and checker password for ph_name pre prod environment. thanks, ph_user",Medium
1007835,"kindly check the transaction ref. ph_technical, where the same processed from ph_name but not in ph_technical please open a case with ph_name",Medium
1007853,we could get only response logs from our audit trail (opening this under ph_name project since there is no ph_technical project in drop down) response details below ph_code,Medium
1007880,dears ph_user ph_user good morning its a small slip about 5-20 ph_items knowing that even the count of ph_items in the slip is small its take alot of time to open regards greetings attached fields from mr. ph_name regards dears please inform us what id the expected date to finish it regards dears ph_user ph_user pleas note that we generate the mentioned slip today 28/8 ph_technical 10:00 regards greetings ph_user what is needed from us regards greetings the ticket is open from long time we need to solve it regards greetings any update please regards dears ph_user ph_user its the same no change regards greetings any update please as you know its happen daily and frequently in the same day regards greetings no on  ph_user  its open quickly regards greetings any update please regards dears ph_user ph_user please note that on test works normally no slowness as its on scan page on production regards greetings please note that we are waiting it to install it regards dears please note that if we want to print slip on ph_technical from ph_technical the system take a lot of time to open the slip regards,Highest
1007887,"can u unlock my user account in ph_technical for ph_technical, ph_technical  ph_user in live please",Medium
1007932,"greetings thank you for the session yesterday. below has been shared with server support team yesterday who will raise the certificates. kindly keep the ticket open if possible, and once certificate is ready, will update the production  ph_user  be with your support and close the ticket. greetings certificate is ready and we require your support to deploy it to production preferably today at 3.30pm or sunday 3.30pm greetings no it is not done. we need your support for production deployment of new certificates today at 3.30 pm. pls. use the below link. ph_link greetings so far everything is fine with ph_technical prod. application. thank you for your support for production deployment yesterday.. by today end of the day, you  ph_user  please close the ticket if we don't come back. greetings attached the conversation email. kindly check and support. expired certificate in ph_technical application server",High
1007957,dear  ph_user ph_technical thanks for support as usual please close this ticket dears; customer can not approval only for pay order ph_item transaction as per attached,Medium
1007975,"ph_user the error appeared when clicking approve delete ph_user ok we will grant you access ,but can you please clarify why we couldn't delete it from ph_technical ph_user access granted ph_user done you can close the ticket thanks the number ph_technical is expired wallet ,when trying to delete it an error occurred",High
1007991,please add similar access what  ph_user  ph_name have which is only read access for monitoring transactions greetings we need your help to add 3 new users in the ph_name monitoring application in production. grateful if you can prioritize our request please.,High
1008003,greetings please connect mr.  ph_user  waiting you regards dear  ph_user we are waiting regards dear please return the below details ph_items ph_technical ph_technical ph_technical regards,Highest
1008041,"greetings kindly find the attached. greetings kindly see below the proposed details of ph_name preventive maintenance to be handled remotely by ph_user. date: tuesday , 16- aug ph_technical thank you and best regards, ph_name team",Medium
1008115,"thank you kindly reactivate the below, ph_technical ph_technical",High
1008122,"i already sent the meeting invite for you,  ph_user  and the the support mail meeting details: meeting id : ph_technical passcode : ph_technical greetings please be informed that i shared the service account password via mail appreciate your assistance thanks in advance dear  ph_user i think we already shared with you the ldap certificate in the initial mail if it is not the one appreciate your clarification what need to check with the global team hi  ph_user please note that i raised your request for the global team and waiting their response the required data has been shared via mail host name: ph_technical dear  ph_user please find below the global team response: ph_technical dear  ph_user we have over thousand applications are using the same certificate to connect our ph_technical test servers which are all working fine. normally your finding is correct but it does not applicable to ph_name infrastructure as we do something extra steps behind to make this happen. from the error below it specified that “unable to find valid certification path to requested target ”. have you import the ph_name root test ca into the correct keystone? besides , would you please try to connect with ldap without ssl with port ph_technical to verify the connection. last but not least , are those application servers are located within ph_name data center? ph_technical appreciate your assistance dear team kindly be informed that i shared the created groups and users via mail appreciate your assistance greetings appreciate your assistance to configure the ldap on ph_name uat environment the configuration details have been shared by august 9th, 2022 i am scheduling call today for further discussion",Medium
1008131,"kindly close the ticket and we will follow up with  ph_user in ph_technical messages, sender mobile inactive shown in reason code for the below customer noting the account status is approved, ph_technical ph_technical",High
1008137,"dears, kfa.",Highest
1008170,"greetings kindly note if only one ph_technical is required to approve the writer then number of needed approval will show 0 which is not needed and should be stated that the user is fully approved when the needed approvals reached 0. regards, ph_user   ph_user",Low
1008189,the transaction is processing but the integration is very vary slow . confirmed dear's i have more than ph_technical failed transaction in ph_technical. your help asap.,Highest
1008228,"تحيه طيبه ,,, يرجى اضافه اسم الشركه التي تم دفع فاتوره لها على التقرير المستخرج من جدول ph_technical",Medium
1008255,can you reset my password and unlock my user account in ph_technical live pls for ph_user,Medium
1008307,the customer with mobile trying to make topup transaction but he have error failed to topup the balance from the service provider reference number : ph_technical the same customer tried before with same number and the topup successes the reference ph_technical,High
1008309,dears ph_user ph_user please return the ph_item ph_technical regards,Highest
1008322,"greetings we are receiving daily complaints that related to missing branches while scan the ph_technical in ph_technical , so please provide a permanent solution to sync the branches and banks between  ph_technical  and ph_technical. best regards  ph_user",High
1008360,"dears. attached regards. greetings yes ph_name is the pay bank, please find attached ph_technical details. regards, the ph_item has been returned : please note ph_name ph_technical no. ph_technical we have attached a picture of the error",Medium
1008420,kindly move to ph_technical for rejection as data entry mistake. ph_technical moved to manual clearing and we rejected as data entry mistake. but it showing in integration as below. once we exported the error message appearing ph_technical kindly advise.,Medium
1008440,"hello, we have processed 18 inward ph_items in  ph_user  and none of them received ‘ pay replied” please check and revert urgently.",High
1008457,"greetings could you please update us ph_technical could you please update us ph_technical dears, as you  ph_user  know we need your investigation regarding subjected reference transaction which caused revenue loss around ph_technical, and more than 3 million ph_technical were written for this transaction. reference : ph_technical more details shared over email while our meeting yesterday",High
1008458,error in scanning qr code in android,Medium
1008489,"joined the below  ph_user  ph_technical rejected with wrong reason, kindly arrange to return from rejection 1 to manual clearing. ph_technical",Medium
1008502,"greetings attached you will find the log files. regards greetings result of the mentioned query is: unsynced regards, greetings we havent tested the queries yet. i will update you once done. thank you. greetings currently there is no users to modify in production as the previous one was done earlier in two steps. you can close this ticket and incase any issue faced while modifying a future request ill reopen this ticket. thank you for your support greetings during a change in the  ph_user  of an existing user,our ph_technical checker was unable to approve the change and got an error(attached to the ticket).this modification was only approved when the action was done in two separate parts,first by removing the existing  ph_user  and approving and then by adding the other  ph_user  and approving again. kindly check and advice knowing that we faced this issue before and a release was deployed and tested in our testing environment and then was deployed in production as part of release ph_technical thanks and regards,",Medium
1008512,ph_user kindly you can close the ticket thanks kindly to check the problem we have till now ph_technical  ph_user  on ph_name. please your urgent action.,Blocker
1008517,"dears, good morning to kindly delete the ph_item regards dears, we would like to inform you that there are 2 ph_item onus stuck on special queue regards,",Medium
1008526,this ticket was opened on behalf of the customer. ph_technical release ph_version go live. go live will start at 2:00 am till 3:30 am.,Highest
1008550,"greetings thank you for your support and cooperation. we have uploaded the logs( ph_technical ) in the support  ph_user . kindly share your findings once ready. regards, ph_name it team greetings kindly see below the details of ph_name preventive maintenance to be done remotely by  ph_user. date: mon. 19- sep time: 2pm confirmed by:  ph_user thank you and best regards, ph_name team",Medium
1008580,greetings we made resend but the ph_item return to neg. ack. page because the ph_item entered from ph_technical bank pay branch ph_technical regards dears ph_user ph_user please your help to return the below ph_item to ph_name noting that the ph_technical for the ph_item end today ph_user ph_technical ph_technical regards,Highest
1008592,"greetings thanks for your support. new ip ph_ip_address ph_ip_address greetings kindly we need to change the integration ph_technical ip inside the ph_technical regards, ph_user  ph_name",Medium
1008595,greetings shared . best regards . greetings please find the below screen shot for ph_country and ph_technical time zone,Medium
1008598,"hi, please find the attached ph_technical for the error. i changed the ph_technical as well ph_technical i also changed the ph_technical on the client ph_technical below are errors found in event viewer: ph_technical ph_technical attached. hi, i have added below entries in host file, and same issue, same error. ph_technical hi, same issue, please find attached .ini. greetings port ph_technical was closed last week, now it is open, we are able to open the archiving and scan now. we face some error after scanning and we clicked save ph_technical move to next stage, then when clicking the document we received “error getting index fields data..”, see attached index ph_technical. greetings still waiting for network team to open the port ph_technical uat ph_technical database to check if issue is the same. greetings change request for firewall port still pending with network team, i will let you know once port is open and tested. greetings if issue is the same after opening the port on ph_technical ph_technical, shall i raise a new case? can you keep this open for this week. yes, please send the ph_technical teams invite, i'll be available. greetings please find below message from ph_technical team: greetings not being able to pull the data from the datasource can have different reasons: the data is not available in the source the query used is not pointing on the correct data the datasource used is not the correct one i advise you to approach the developer to troubleshoot, as the ph_technical is up and running with no change in uat. greetings please find below message from ph_technical team: greetings not being able to pull the data from the datasource can have different reasons: the data is not available in the source the query used is not pointing on the correct data the datasource used is not the correct one i advise you to approach the developer to troubleshoot, as the ph_technical is up and running with no change in uat. greetings ph_technical team will be available also tomorrow at ph_technical to have a quick meeting regarding the uat db. please add ph_user to the ph_technical teams invite. greetings please find below response from ph_technical team. ph_technical then this is an application issue. from ph_technical side, the ph_technical is available, and the user is accessible with the credentials previously shared, and with the necessary rights to create a session. ph_technical greetings is there any query you can provide to check it manually from ph_technical side just to confirm that all is ok from our side. hi, we cannot login to archiving in uat, error is ph_technical in connecting to database, ph_technical will not run.",Medium
1008607,"ph_user customer trying to bay bill by ph_name but not succeed ,the customer bayed the bill by another way now he didn't has bill but ,received the same error ph_user following is the external message: ph_technical ph_user any update please ph_user find following request and receiver request : ph_code response : ph_code ph_user any update please ph_user kindly we received an error ph_technical request : ph_code response : ph_code inquiry reference number ph_technical ph_user please find following request and response for test number ph_technical request : ph_code response : ph_code ph_technical after pay bills for test number ph_technical and amount become 0 ,when the bill inquiry rejected with error ph_technical request : ph_code response : ph_code ph_user for amount 0 the error should be no bills found ph_user waiting update from you ,as comment below you will check with biller thanks ph_user what is the min amount ? ph_user when the remaining amount ph_technical what is the correct behavior, please find following test scenario : step one ph_technical inquiry for : ph_technical, bill amount ph_technical transaction amount ph_technical ,remaining amount ph_technical step 2 : bill inquiry for : ph_technical, bill amount ph_technical transaction amount ph_technical ,remaining amount 9 step 3:bill inquiry ,result no data found ph_user what about remaining amount how will be handled , it will be transferred to next month ? ph_user id numbers same as bill number please check attached ph_user please confirm that will be not appeared on production ,also when the remaining amount ph_technical ph_technical it will be no option to enter amount, it is correct behavior ph_technical ph_user the test is done successfully ph_user accord should be live you can close the ticket the customer trying to bay bill and received error code ph_technical inquiry reference number : ph_technical",High
1008619,greetings kindly provide me with the path. regards greetings kindly provide me with the path. regards greetings provide me with tables.par archive field issue on history query when the field capacity is minimized on archive ph_technical however on ph_technical and past years they are still the same,Medium
1008625,عند محاولة ادخال بيانات ph_item لا يظهر اسم العميل كاملا وعند الاستعلام من خلال النظام البنكي على اسم العميل لوحظ ان اسم العميل مركب وكما يظهر في اسم العميل المرفق ph_name للمساعدة لطفا في حل المشكلة,High
1008656,greetings please connect on ph_link waiting for report to be available for download. greetings we have ph_name audit and they want to check the user's audit log. currently the page is not loading.,Highest
1008662,greetings we need to check if the dormancy control (ph_technical days) is working or not in  ph_user  conv. as we checked there are users were last login was one or two years ago and still active,Medium
1008671,"kindly note that i've uploaded the ph_file log when the service was hanging. greetings we need your kind support to find the solution asap as this incident causes a lot of headache for other teams when they want to perform the testing. please we need to find the root cause asap. greetings we performed temp solution on the staging environment, we will be waiting your findings for root cause. greetings regarding the temp solution, it was you mentioned (ph_technical). please share what all possibilities can be taken from ph_technical side to solve this issue. since we can't go live with this workaround greetings regarding the temp solution, it was you mentioned (ph_technical). please share what all possibilities can be taken from ph_technical side to solve this issue. since we can't go live with this workaround greetings could you please clarify more about the changes performed by the developer to fix this issue ph_technical greetings could you please update us regarding below as we need to get your feedback asap ? ph_technical greetings kindly note that we tried to check the installed fix by stopping the ph_technical that send request every 20 min… and unfortunately, we faced the same issue before . please note that this is critical issue, and we need to make sure the applied fix will solve this issue asap. greetings kindly note that we tried to check the installed fix by stopping the ph_technical that send request every 20 min… and unfortunately, we faced the same issue before . please note that this is critical issue, and we need to make sure the applied fix will solve this issue asap. greetings could you please advise if the current release on staging has this fix or not ? br, greetings could you please update us ? br greetings you can proceed with case closure. br, greetings you can proceed with case closure. br, greetings we observed abnormal behavior related to spring service on the staging environment. when we tried to send soap request toward the staging we get “internal system error” . when we perform ph_name ph_technical ” to check the service, we can find the process is up and running but it seems hanging. we need to kill the process and restart spring service again. it's very important to know what are the reasons behind this behavior. thanks for your support.",High
1008678,"dears, below the request and response with ph_technical ph_technical ph_technical dears, please find ph_technical sheet for the mentioned ph_item as requested regards greetings ph_technical ph_items data attached. regards greetings please arrange to connect and get all needed data ph_path . regards dears, please find the attached logs regards greetings please find the attached logs. regards greetings please find the attached logs as requested dears, please find the attached logs. regards dears, we have new case with below details, please arrange to connect and check. the attached inward ph_item returned by maker which is directly gone to ph_technical without coming to checker queue, please investigate and advice regards greetings please find the atatched regards dears, yesterday the below ph_item is returned by maker as “closed account” didn’t reach to checker queue, this is very high risk, please investigate and do the rectification at the earliest. regards",High
1008712,"kindly advise about the following: currently, the ph_technical will sync from the branches from the ph_technical. therefore, the status of the branch in the ph_technical will be overwritten. please advise on what is the impact of the branch activation status on other  ph_user  like deposit, clear, ph_technical request. greetings for your action please greetings ph_user , kindly note that we are facing an issue in the production, the issue is that there is a problem with an account enrollment which is associated with an inactive branch. below is an example of the http request. request ph_link ph_technical response ph_technical",Highest
1008767,"ph_user its ok for ph_technical please check ph_name phone no edit on ph_item management screen ph_user we cleared cache and the same can you please clear cache form your side ph_user any update please still same problem ph_user kindly we already send email that passwords incorrect ph_user same problem on the ph_item management ph_user  ph_user  ph_name company no edit appeared ph_user any update please ph_user access granted ph_user fixed ,you can close the ticket thanks kindly, no edit option appeared for following ph_technical services on ph_technical , please check اسم الوكيل ph_name please check ph_user  ph_user  ph_name company no edit on ph_item management.",High
1008791,upload files,Medium
1008856,please find the list of issues we found in latest release below: there is no handler for ph_technical there is no handler for ph_technical exception. dollar sign when writing ph_item. list of ph_item ph_technical requests are not sorted. no records for ph_technical and bank approvals in change history. ph_item books requests pending for approval. rejected check books by ph_technical appears as approved,Medium
1008884,thank you kindly note the below wallet has no action buttons ph_technical ph_technical,High
1008912,"what is the update here ? any update here do we have updates here ph_technical any update here ? greetings what is needed here? should we communicate with ph_name? regards, will check with them and let you know regards, dears, kindly check below cases reported from ph_technical. kindly note that according to the ph_technical ph_technical document, the ph_technical field which is a character indication of any priority the sender assigns for processing by the recipient should be filled as “0100”. we have noticed that some messages are filled with a different priority than “0100”, while you should use the correct message priority as indicated in the ph_technical ph_technical document (page 9). string ph_technical 4-character indication of any priority the sender assigns for processing by the recipient. ph_technical please find below ph_technical with wrong message user priority ph_technical ph_technical ph_technical",High
1008940,"activate all new transaction configuration related to physical cards on production in able to edit them currently, the edit icon does not appear while we have permission. attached the list.",Highest
1008968,"greetings i shall let you know once the biller confirms the live production url and  ph_user   ph_user  validates the connection so that you can assist in deployment. the ph_name new middleware on uat was: ph_technical greetings kindly take note that we will go live for ph_name new, i am awaiting the biller response with the prod urls. dears, urls are same as testing greetings kindly ensure that the connection for the following links are open and good to go for live enhancement ph_technical if okay, kindly let me know so that i can advise on the next step. dears the connection is open from ph_technical ( ph_ip_address ph_technical ph_ip_address ) toward ph_ip_address in port ph_technical greetings kindly deploy to live and provide the port number here. thanks. greetings ph_link this is the release url greetings and ph_user kindly note that we have deployed to live, and i informed the customer. kindly confirm that ph_name new is now live, so that we can close this ticket. greetings we can go live today please. thanks greetings ph_name new was on uat before 1-2 months perhaps, the testing was okay and you faced no issues right? greetings thanks, can i confirm with you that you tested ph_technical greetings as per commercial team confirmation, you  ph_user  now go live! kindly deploy and p provide the live middleware port number so that i can inform the team. thanks greetings confirmed. kindly deploy and provide the ph_technical port number. greetings noted with thanks, you  ph_user  close the ticket. i informed the customer via e-mail. this is is the new ph_name ph_technical services, we are ready to go live. biller name: ph_name version: 1.0.0 release notes: integration with ph_name new ph_technical",High
1009017,greetings we need your support to add a new participant. kindly join us via webex to add the bank. entity id ph_technical name international development bank routing code ph_technical short name ph_technical ph_technical ph_technical 8 ph_technical ph_technical ph_technical ph_technical ph_technical,Medium
1009024,"you can call me anytime greetings what this have to do with integration ph_technical i think its related to configurations so we are replying for the ph_technical dears, kindly find below reported case from ph_name side, as it seems we are not replying on ph_technical requests and return payments at all on production. kindly note that different system participants reported that  ph_user  cash does not allow receiving ""ph_technical"" ph_technical and "" return payments "" ph_technical from other participants. as per the ph_technical certification document signed by your side, the ph_name and return were successfully tested for sending and receiving. if you do not wish to avail of this service to your customers, you are expected to enable the accept ph_path ph_name service and returned payments to your customers to avoid issues with other participants. you were certified to accept ph_path ph_name requests and returned payments from other system participants. please advise on the above issue and let us know if any support is needed from our side. regards,",High
1009028,"ph_technical ph_technical greetings kindly note that , we need to delete the below 11 ph_items onus status: ph_technical request export ph_technical ph_items ph_technical request export 7 ph_items ph_technical ph_technical request export from ph_technical bank dears we need your support to delete felid batches",Highest
1009034,ph_user please note that ph_technical module is down.,High
1009052,greetings kindly note that outward ph_name  ph_user  under ref ph_technical ph_path didn’t appear on ph_technical as confirmed by compliance team. noting that the  ph_user  status on ph_name as showing below ph_technical pending.,Medium
1009057,dears we need to add the ph_name branch to ph_technical,High
1009107,"greetings yes regards greetings we already did but still face the same issue regards greetings we already did but still face the same issue regards greetings sorry. i was very busy. kindly arrange to connect tomorrow regards dears, kindly your help to solve the attached error appeared when trying to upload the ph_item below : ph_technical ph_technical regards",High
1009127,"kindly join below webex ph_link greetings when business is checking customer information they are getting ph_technical error in ph_name prod. regards, ph_user",Highest
1009136,"ph_technical ph_item due today and the beneficiary account is closed , the ph_item appear in ph_technical ph_items account validation page, put there is no action to delete this ph_items. we need delete action for theses cases.",High
1009149,good day for ph_technical appreciate your help so we can return the ph_item insufficient fund ph_technical date 11-10-2022,High
1009151,"dears, kindly check business issue below "" تحية واحترام أرجو من حضرتكم وبشكل عاجل معالجة المشكلة المرفقة داخل نظام ph_technical : علامة التعجب التي تظهر عندما يكون ph_technical مدخل من البنك الاخر ph_technical تظهر فقط عند الدخول الى النظام باللغة الإنجليزية راجيين اجراء اللازم كي تظهر بكلا اللغتين ( العربية و الإنجليزية ) . عاجل جدا ""ولكم الاحترام attached screen shot for this case regards",Medium
1009164,"is this case same as the case we rolled back 2 releases on. you can close this ticket dears, kindly note that we have cases related to outward reversed transactions due to rejected by national switch reason, and the reason description is “could not receive message”. unfortunately those transactions were accepted and sent to their destinations and on the other hand they we reversed to the sender. so we have financial loss here. attached is the transactions . regards,",Highest
1009172,"dears, kindly set the below accounts as default from your side, mobile numbers : ph_technical ,, ph_technical ,, ph_technical regards,",High
1009193,"dears, kindly set the below account as default from your side, mobile number : ph_technical regards,",Highest
1009221,from  ph_user : can u unlock and reset my password in ph_technical pls ph_user and ph_technical,Medium
1009224,thank you kindly set the below default ph_technical ph_technical ph_technical,High
1009230,please reset password  ph_user  and root users in the test environment,Medium
1009250,greetings please advise how to delete the ph_technical from ph_technical failed screen.,Medium
1009279,below customer want to deregister completely from ph_name  ph_name and register with other bank ph_name ph_name  ph_user  ph_technical ph_technical,High
1009314,"joined attached please update on this ph_item ph_technical - ph_item is rejected and still stuck in the queue. kindly do the needful already another ph_item created for the below, which is active in the system",Medium
1009327,"greetings please find the attached the image capture log. thanks, ph_user greetings you can verify it in uat or your environment as this case have already been simulated in uat. please find the log as below: ph_technical ph_technical ph_technical ph_technical ph_technical ph_technical ph_technical ph_technical ph_technical ph_technical thanks, ph_user greetings we understand the severity for ph_technical, but we need to allow some words ph_technical since this is the name of customer and he is not able to use the system. so please help to check this. thanks,  ph_user greetings please include this fix in same version of ph_technical, ph_ip_address .please confirm. thanks, ph_user greetings since this is the issue with only one user currently so if its possible then share us the fix with same current version which is running in production , it would be much appreciated. thanks , ph_user greetings as mentioned the customer name should match the  ph_user  system and bank side ph_technical for the acceptance of the ph_item. keeping the different spelling can be doubtful for the  ph_user  and other purpose. so please check we need to have solution for this issue. thanks, ph_user greetings we have verified the ph_name name in ph_technical is ph_technical now in uat so please let us know if there will be any impact on the current working scenario of image capture page, including ph_technical, other inward flows. thanks, ph_user greetings we will apply by this weekend and let you know. thanks, ph_user greetings we will apply this today and update you. thanks,  ph_user greetings this has been applied to production lets monitor for few days. thanks, ph_user greetings we are not able to upload ph_item from image capture page for specific customer name as “ ph_name , its giving error “ph_technical”, it work fine if we keep name as “ph_name”. same is the case in test site so please check and provide fix for this. thank you, ph_user",Medium
1009328,"greetings i have tried to test the password on ph_name test server , however , the results not as what we have requested , as system accepted to use more that one numeric characters and after changing it the atatched error appears as i need to try other scenario of the password ph_user regard greetings i have tested the below parameters on ph_name test server . but we need your confirmation implement the below points because i can't test them : ph_technical regards, greetings we need to apply it on production after working hour. regard , greetings today at 3:00 pm suit for you regard , dear as per below request from audit and it security team , we need to apply the below req ph_technical",Medium
1009361,ph_user kindly you can close the ticket please check following pending payments following is the response from ph_technical side form monitoring tool : ph_technical ph_technical,High
1009366,"dear, i couldn't find the below national id ph_path id, could you please try to make new item as individual wallet and choose nationality : ph_technical, id type: ph_technical, and add letters to the national id ph_path id regards, kindly note we are not able to input letters while we creating new individual wallets if we chose (ph_technical - temporary passport) as id type, could you please allow it, ph_name,",Blocker
1009371,"greetings this issue is related to the java incompatibility with appdynamics. the release (release 3.3.0) which has the upgraded java is already deployed to ph_technical and we are waiting for the test results to deploy the release on the production environment. we have received an alert from ph_technical ph_technical that there is a high error rate with the following description: app server restart sun oct 23 08:56:37 ast 2022 ph_info_table ph_technical application server ph_technical was re-started node: ph_technical, tier: ph_technical",Low
1009396,"ph_user as thew ticket ph_name the deployment should be done ,please confirm and close after that you can close the ticket accord go live v1.1.1",High
1009437,"greetings we need your support to remove all the users listed in the trash screen. kindly provide us with list of all ph_name users as below: include (ph_technical, user name , authorities , last login date , last password change date , account status) regards, ph_user",Medium
1009447,ticket opened on behalf of customer as the business users complain they faced slowness while moving between pages also when click on approve ph_path buttons,Medium
1009455,"greetings we tried again and still the same error appears. req: ph_code res: ph_code regards, we updated the response to be as below, but the problem is not solved. ph_code ph_technical we updated it and the problem is not solved: ph_code ph_technical greetings kindly is there an update? attached the service configuration we updated it but still receiving error from biller side, below the response after update: ph_code ph_technical still the same problem: ph_code ph_technical it worked now, thank you. please consider close req: ph_code res: ph_code",High
1009463,dears kindly we need your urgent support to open session ph_name i received from ph_technical but cant display on database,Highest
1009484,"kindly set the below as default, ph_technical ph_technical",High
1009486,نعلمكم بوجود مشكلة على عدد ph_technical حيث ان التقرير يظهر ph_technical ph_item وارد وأيضا خطأ في كامل التقرير من حيث ph_technical التي تم الرد عليها وph_technical  واصل ph_technical حسب تقرير master هو ph_technical ph_item نعلمكم بوجود مشكلة على عدد ph_technical حيث ان التقرير يظهر ph_technical ph_item وارد وأيضا خطأ في كامل التقرير من حيث ph_technical التي تم الرد عليها وph_technical  واصل ph_technical حسب تقرير master هو ph_technical ph_item تحيه طيبة وبعد يرجى التكرم بتعديل ph_technical onus بحيث يبقى التقديم لغاية الساعة الثالثة والنصف بدلا من الثالثة وموعد الاغلاق لغاية الساعة الرابعة تماشيا مع ساعات عمل البنك اعتبارا من تاريخ 30 علما بان التعديل سيتم يوم الاحد صباخا وبالتنسيق مع السيد ph_name وشكرا,Highest
1009500,"dears, confirm . thanks a lot for support. regards, greetings your kind support is highly appreciated to amend the time that appears upon sending emails from the ph_name to be 2:45 pm instead of 2:15 pm. the current subject text is as below : ((please confirm the ph_item for the below reason/s and advice the required action before 2:15 pm )) thanks and regards,",Highest
1009540,dears ph_user ph_user these 2 fields from the morning so please solve it regards dears ph_user ph_user please note that we have 2 files with letter r and the other with letter v we do reply for it but its still appear your urgent help please regards,Highest
1009543,"greetings all reports. greetings find the attached greetings any update please? dears, please note that when user select branch with three single quotes like ph_technical""""ph_technical branch to export report, the report not appear",Medium
1009552,"greetings user not available for today.. but yesterday we tried to add ph_technical to compatibility mode and trusted site and we compare the setting with other machines. username: ph_name thanks greetings i'm not able to contact the user to check the ph_technical setting. please give me two days more and i will update you. regards dears, we are facing one issue with one head teller user. when she is trying to open the  ph_user  link, she is getting the below error ph_technical she is using ie 11 we tried the following: delete ph_technical reset all ie setting. provided her new machine and she faced the same (one teller used the new pc and it was ok for him) asked her to use one existing teller pc and she faced the same. asked one teller to login to  ph_user  from her pc and from her windows profile and no issue for him. please advise asap as this teller unable to use  ph_user  since last week.",Medium
1009569,"thank you kindly set the below default, ph_technical ph_technical",High
1009576,"dears ph_user please find attached greetings as per our team mention below discussion with  ph_user  from ph_name, he advised to raise a ticket for them to investigate if there is any system issue regarding the ph_technical ph_item. ideally the system should not accept it but it was accepted in our case. so below details: (the teller mentioned the date as ph_technical ph_path instead of ph_technical ph_path for the on-us ph_technical however, the system accepted it and did not give any error message that the ph_technical is postdated. we have mentioned the ph_technical date correctly in our core system. it was only mentioned wrongly in the on-us page. ph_technical dears ph_user please find attached greetings please update greetings the ph_item date is 14 ph_path dear team reminder. i am unable to return one on-us ph_technical to the teller to rectify the ph_technical date which was entered wrongly. can you please delete the ph_technical from their end in order for us to rescan it. we tried to resend the ph_technical but the message says ph_technical already accepted”. the ph_technical is in the replied batches queue. ph_technical",High
1009584,"greetings please note that the below issues covered ph_path on the deployed release feature name notes the external customer is not able to set password n/a remove calendar permission and the calendar will be under dashboards. n/a on the ph_technical page- there is ‘warning’ shown in red and its not aligned. (this is a bug, not a new requirement) multi line endorsement in 2.2 version – this version was not compatible with the scanner as tested today. it gave a time out even though the ph_item was moving correctly in the ph_technical. fix special characters for ph_technical n/a ph_technical scanning failed. more than ph_technical ph_items could not be scanned in a pack. additional issues identified on the packs module are attached along with evidence n/a viewing the .dat file details on bank shell and ph_item shell n/a the ph_technical calendar is visible to everyone and not segmented to specific user n/a dashboard is not visible for both bank and ph_item shell n/a validate and limit the length of the following fields for ph_item users narrative fields: ph_technical characters client reference: ph_technical characters ph_item amount: ph_technical digits including fractions n/a add the ph_item id validation field up to ph_technical characters n/a add the reply date and settlement date fields for filtration n/a add the lookups view as for the bank to be able to add ph_technical banks and branches n/a impacted areas reset link for ph_item clients the calendar on ph_item shell warning message bank shell dashboard ph_technical",Medium
1009593,"greetings management is not accepting the below solution to configure the cron job at os level as the server is shared by multiple applications. please suggest an alternate permanent solution. greetings management is not accepting the below solution to configure the cron job at os level as the server is shared by multiple applications. please suggest an alternate permanent solution. greetings as we discussed , the batch is running everyday at 2 :00 a.m . while on remote session, we changed the no of days to 2 and will monitor the system for a few days. greetings ticket has been raised for the word wrap issue occurring in return memo. this was fixed last week, but again it is recurring. please arrange to fix it permanently. please find attached the sample report.",Medium
1009599,issues with onus ph_items presented on 25.10.2022,Medium
1009601,greetings please find the attached and the session date should 31-10-2022 dears kindly note that we have faced an issue today on production were the session date was null on ph_technical tables,High
1009618,"greetings i have tried multiple email all are unique still same case there best regards ph_user done . greetings done for the first query for the second there are no output best regards . greetings can you please update on this best regards . greetings kindly note the below workaround will work but business team requested to have the normal behavior fix to avoid any other implication after .and to test the case as is on production . best regards . greetings sit is done only the ph_technical notification issue is pending once this issue is solved we can tested best regards . greetings the issue is now resolved will test remaining items and get back to you dears ph_user ph_user kindly note that we will be deploying the new resales script on the already ph_technical schema to avoid the below constraints issue ,first we need the latest ph_country rollout updated scripts to check all is deployed on ph_technical schema correctly as we couldn't downloaded them from the previously shared url then we need the updated script for the currently uploaded release also to be deployed on the ph_technical schema after that we will do the sit on the new items and update you with the result . best regards . dears, kindly note that a system error appear when trying to create new user as per screenshot logs are shared on the same ticket",Medium
1009623,good day kindly note that there is a an empty page appears for one of the users on ph_technical scan ph_technical  ph_user  page your help please,High
1009637,"the ph_technical ph_items always fails to be sent due to ph_technical error when the user couple and match them in ph_technical back office, when the ph_items go to resend queue, click on resend, the ph_item will then go to  ph_user . this needs to be checked and solved please. pls. see the snapshots attached.",Medium
1009647,"thank you dears, kindly note that all the transactions in the attached sheet are partially accepted , please check them and change the status, regards,",Blocker
1009661,"current purchase ph_technical implemented is the following ph_link we need to change it to call ph_technical similar like ph_technical as the attached request. ph_user , yes, confirmed to replace only the below api: ph_technical we need to replace it to call ph_technical similar like ph_technical as the attached request. greetings we had a meeting with  ph_user  and  ph_user , we discussed this issue and we agreed to provide the request. the request is already attached. regarding the ph_technical, it is the same as ph_technical api. kindly is there an update on this? thanks, will check and update you. ph_technical api (ph_technical) you use brand code ph_technical request: ph_code while in the purchase, you send different brand code (ph_technical) request: ph_code ph_user , ph_user thank you, the testing is passed, please we need to move to production and we need to configure all bundle services as below: ph_technical ph_technical ph_technical ph_technical ph_technical all is fine now, thank you we have a biller on ph_name uat with name (roots), we use this biller to purchase ph_name bundles all types (minutes renewable, minutes non-renewable, internet renewable, internet non-renewable, and roaming ). we need only the replace the current purchase ph_technical to be as attached (attached the request and the response)",Highest
1009691,greetings we will keep monitoring for many days and in case there was no issue we will close it. ph_technical kindly proceed with case closure greetings we need your advice asap regarding below query which is causing load on the ph_technical : we need to know more about this query why it was used and if its running frequently we need to enhance this query ph_sql,High
1009738,"ph_user , after discussion with the  ph_user  manager, please deliver this fix as hotfix on the rehearsal environment to be tested from our side and then go live. thank you, you can close this ticket and will open a new ticket if the issue appears again. the monthly regional amount limit defined on the ph_technical ph_technical, this limit is used to prevent ph_name customers to transfer money to ph_name customers with amount greater than ph_technical ph_technical this customer (ph_technical) from ph_name was able to do a p2p transaction with amount ph_technical ph_technical to ph_name customer (ph_technical), the transaction should be rejected with error exceeding the regional amount but it was accepted, below the transaction reference: ph_technical",Blocker
1009744,"thanks kindly delete the below, ph_technical",High
1009774,ph_technical batch level - ph_technical ph_technical please fix this format issue. ph_technical ph_technical amount format is different in three different areas.,Medium
1009829,dear sir please be kindly informed that ph_name has a scheduled ph_technical visit for ph_user. which is scheduled to be on nov. 17 ph_path @ 02:00pm your soon confirmation for this above mention date and time is highly respected regards,Medium
1009846,"greetings access on servers: os: username: ph_technical password : ph_technical thanks greetings user schema created and password sent by email. thanks greetings i tried and worked. ph_technical thanks greetings i tried and worked. ph_technical thanks greetings i already sent password by email. ph_technical thanks try now please ph_user greetings that good news, please when configuration done let me know to apply security roles for new user. thanks greetings can you please check and validate connection. thanks greetings can you please check  ph_user  request. thanks greetings can you please check  ph_user  request. thanks greetings issue handled for tablespace. thanks greetings issue handled now. thanks this ticket has been created on behalf of the customer. as per the customer feedback, new servers have been created: dears, i have successfully created the requested servers, ph_technical ph_technical",Blocker
1009853,"dears, appreciate postponing this activity to tomorrow. regards. greetings appreciate your kind support to proceed today at 03:45pm with tomcat upgrade on production environment.",High
1009899,to help us to add new branch for the ph_name bank with branch ph_technical please find the attached file,High
1009901,"greetings hope you are doing good,, confirm for mentioned time. best regards ph_user   ph_user confirm dear  ph_user greetings could you please call me at ph_name. best regards dear sir please be kindly informed that ph_name has a scheduled ph_technical visit for ph_user  and integration checking the dr site which is scheduled to be on nov. 17 ph_path @ 02:30pm your soon confirmation for this above mention date and time is highly respected regards",Medium
1009951,"the same case appears also below with different customers: ph_code is there an update on this? greetings based on  ph_user 's feedback on whatsapp, this fix is ready, please deploy it on both uat and the rehearsal environment. thank you you can close this issue, and we will monitor the system after going live. the customer from ph_name with mobile number ph_technical tried to transfer ph_technical ph_technical to customer from ph_name with mobile number ph_technical, while ph_technical ph_technical is the allowed amount, the transaction is rejected while it should be accepted, note that the receiver received the same amount from the same sender in october and it was accepted, the sender tried again in november but he received an error (exceeded credit monthly region amount limit). expected: the system should start counting new limits at the beginning of the month, so the receiver should be able to receive the amount in november. req: ph_code ph_technical",Blocker
1009968,"greetings we are checked in ph_technical ph_technical and ph_technical table in ph_technical schema, there is no logs for this case. thanks, ph_user greetings yes the issue exist. already mentioned the table name ph_technical and there is no log , the screenshot for ph_technical is attached. thanks, ph_user as shown in screenshot , it was showing ph_technical but in ph_technical it was showing ph_technical so we had to update the format of time and it showed correct value as 2022. greetings details are already provided as discussed earlier and workaround applied was we had again update the date manually using below query ph_sql ph_sql ph_sql greetings since our  ph_user  19 go-live date , we have our first holiday added on  ph_user  system today(18th november 2022) for  ph_user  ph_name day on 20th and 21st november, 2022 . but the holiday was not synced to ph_name system, we added required ph_technical and synonyms and trigger for synchronization process. and the holiday syced with ph_technical system but with wrong date shown in ph_technical ui(ie, 20th nov 2023) but we could see 20thnov 2022 in db . so please check what is the issue and support to fix this. thanks,  ph_user",Medium
1010031,"dear  ph_user failover on dr has been postponed until further notice kindly note that we will change ph_name system to be from dr date on friday 2 ph_path , and we need contact person to be ready in case we need help",Medium
1010047,"greetings what was the root cause of the issue? for now we will keep monitoring the system until eod and will update you . regards, dear  ph_user, there are some outwards  ph_user  pending with status initial posting since 9:47 am regards, greetings we have issue with one  ph_user  ( ph_technical) which failed with status of ph_technical generating failed step and there is error description( no workflow action available with identifier: ph_technical ph_technical ph_technical, ph_technical, ph_technical] ) and we are not able to retry. please advice and we cant reverse the amount from customer regards,,, greetings we have ph_technical batch under ph_name outward failed batches with “ph_technical generating failed step” which is not normal behavior and ph_technical batch with status of “waiting central ph_technical reply step” which is not normal behavior which is not normal behavior. kindly advice greetings what is the scope of testing this fixes ph_technical greetings we have send multiple transaction in ph_name outward and there was no “ph_technical generating failed step”. can we apply the fix by next week. regards, greetings ph_user  is not receiving any inwards and the outward  ph_user  are pending with the status of waiting central reply. regards,",Blocker
1010048,"the issue solved, thank you ph_user for your assist. best regards, ph_user dears, please assist in inserting ph_items from excel sheet into ph_technical for ph_technical module. best regards, ph_user",Medium
1010058,"greetings kindly confirm your availability @ 11 am. greetings kindly confirm your availability today @ 11 am. greetings kindly confirm your availability today @ 11 am. greetings as we discussed over call, kindly ph_technical ordinate with support team ph_technical confirm us the user role to access the report for the messages ph_technical and ph_technical. greetings as we discussed over call, kindly ph_technical ordinate with support team ph_technical confirm us the user role to access the report for the messages ph_technical and ph_technical. greetings kindly let us know the status of the below case. greetings kindly let us know the status of the below case. greetings kindly let us know your availability today to test the user roles on uat greetings we will have call ph_technical 11:30 am and also let us know what all the support you need from us to test the roles. only application or server team also you need, greetings can i arrange the call tomorrow morning @ 11 am because our server team will be available tomorrow @ 11 greetings can i arrange the call tomorrow morning @ 11 am because our server team will be available tomorrow @ 11 greetings kindly join the session now greetings kindly join the session now daer  ph_user , okay.kindly let me know before your join or else we can have call tomorrow. greetings i am facing some issue while sharing the screen. we will check the issue and will update you. greetings i am facing some issue while sharing the screen. we will check the issue and will update you. greetings kindly let us know your availability today. greetings kindly let us know your availability today to complete the below. can i share the session @ 1:30 pm greetings i have sent the link greetings kindly confirm your availability today @ 2:30 or 3 pm to have call with server team. greetings kindly confirm your availability today @ 2:30 pm to arraneg the call with our infra team. greetings kindly confirm your availability today @ 2:30 pm to arrange the call with our infra team. greetings kindly note that we are waiting for business testing update and will let you know. greetings kindly need your assistance for the case .ticket (ph_technical) business team wants to arrange a meeting with you",Medium
1010085,"greetings good day. as per business, the message without ph_technical a will go to verification queue. but this specific message went to ph_technical. we will send you the screen if you give an email adress. not able to upload the images to support portal dears, business reported that, one message went to stp and that message don't have the field ph_technical a. usually, these messages will move to verification. but here its not. requesting your support to check this case through a session.",High
1010126,"greetings memory expanded. thanks greetings please note that , we have observed that , yesterday at 19:43 number of session between integration servers and application servers has been increased suddenly to ph_technical k sessions at for around 7 minutes , the same behavior happened last week , at the same time we received a complaints from some ph_technical , same behavior happened several months ago and affected all ph_name pay services. please it is required to know the root cause behind such behavior to avoid having any service interruptions., thanks",Medium
1010134,"appreciate your effort, please close the ticket. kindly set the below wallets default as soon as you can, ph_technical",High
1010151,"ph_user   ph_user  is inviting you to a scheduled zoom meeting. topic:  ph_user   ph_user 's personal meeting room join zoom meeting ph_link ph_technical greetings ph_user please join below link to discuss stp rules ph_user  ph_user  is inviting you to a scheduled zoom meeting. topic:  ph_user   ph_user 's personal meeting room join zoom meeting ph_link ph_technical regards ph_user   ph_user  is inviting you to a scheduled zoom meeting. topic:  ph_user   ph_user 's personal meeting room join zoom meeting ph_link ph_technical greetings whats the plan for today ? ph_technical regards dears ph_user ph_user we need update please regards greetings sure, please join below link join zoom meeting ph_link ph_technical regards dears ph_user ph_user please check attached regards dears please note we have issue with ph_name service that's hang and need to turn it manually to work probably, almost when we have load on ph_technical this is appear please give this issue higher priority because it's appear to much recently regards",Highest
1010158,"greetings sure,we will apply the changes in uat first and will do the end to end testing before enable in production dear  ph_user as part of audit , we need to enable tde encryption on ph_technical database level. please check and let us know is there any impact of implementing",Medium
1010199,"dears, please reject the ph_item with the reason ph_technical thanks dears we reject ph_item with the reason : ph_technical deleted and now it is in pay communication pending please advice thanks",Highest
1010254,"dears, kindly set the below account as default from your side, mobile number ph_technical regards,",Blocker
1010280,"greetings it is pacs ph_technical greetings we will follow the below steps and will let you know if any assistance required greetings kindly need your support to add the ph_technical to stp process for the transactions less that ph_technical,ph_technical ph_technical similar to ph_technical.",Medium
1010303,"greetings kindly see below the proposed schedule of ph_name preventive maintenance ( ph_technical ph_name) to be handled by  ph_user . date: thurs, 15dec time: 3pm confirmed by:----- thank you and best regards, ph_name team",Medium
1010324,"dears, confirmed. dears, confirmed. dears, any update? dears, any update? dears, kindly update dears, can we try to scan now? dears, still same error dears, i have attached, error screenshot, log file and image capture report. fyi, we are uploading from ph_technical dears, still same error. appreciate your prompt action on the same. i believe this ph_items are got stuck in database and you have to delete it from there. sure. please share the meeting link. dear , we checked the ph_technical scan monitor, but this sequence is not available there. we searched one of the ph_item in ph_technical query and got attached result. greetings could you please tell me how can i access failed transactions list. dears, still same error. we have tried after deleting local repository but still same error. greetings we tried scanning after following all the steps below. we will try to present the ph_item from ph_technical now and will update you. greetings we tried scanning after following all the steps below. we will try to present the ph_item from ph_technical now and will update you. greetings we have scanned the below mentioned ph_item(ph_item number: ph_technical) from ph_technical and it worked. greetings we scanned 1 ph_item from remaining ph_technical ph_items and got same error. ph_item number: ph_technical error: duplicate ph_item ph_technical; a ph_item with the same ph_technical fields already exists in the database greetings got it. will try and update you greetings currently we dont have any ph_item to scan in pds, but we processed several ph_items in this week. the below is the last one which we processed successfully. ph_item number: ph_technical posted date: ph_technical dears, please update dears, we have scanned the below mentioned ph_item. dears, it worked. :) please do the same for rest of the ph_items. please be informed that 12 ph_technical ph_items were returned on november 28th 2022. now were are trying to re-present the ph_items again, however when the user scan the ph_items he got the below error. kindly do the needful asap. we have deleted the local repository folder and removed the ph_technical from ph_technical app but still issue persist. check details are attached below",Medium
1010325,"dears, please to delete the fake rules from back-end to get a permission to ph_name department to delete ph_technical ph_technical thanks",High
1010327,"issue was due to block on ph_technical and resolved by killing the blocker session as per details sent by email . we need to address the root cause and fix it attached as requested system is not working on production environment, please join to collect the logs and address the root cause",Highest
1010360,"dears, quality assurance ph_items don't appear on checker level (head teller) for one user, your assist is highlight appreciated.",High
1010384,"ph_user any update please ph_technical ph_user pending and accepted after resend manually please find following details: ph_technical external messages: ph_technical ph_technical ph_technical ph_technical ph_technical ph_user any update please ph_user any update please ph_user kindly you can close the ticket kindly the  ph_user  is pending ,please find following details ph_user  reference number : ph_technical ph_user  notification request ph_technical ph_technical ph_technical ph_technical ph_technical ph_technical content ph_technical external messages: req: ph_technical res: ph_technical the queues on test , seems no consumers on ph_technical please find attached and please find attached for messages on ph_name",High
1010387,ph_technical ph_technical ph_technical dears i need support for deleting failed batches. ph_sql ph_sql,Medium
1010401,"greetings kindly find below the proposed scheduled of the preventive maintenance ( ph_user ph_technical) to be handled by  ph_user   ph_user  remotely. date: wed. 14dec time: 2pm awaiting bank confirmation thank you and kind regards, ph_name team",Medium
1010418,"greetings pls update. greetings pls update. confirmed greetings please share the web ex link greetings please share the web ex link greetings i have checked with business team today and issue is still there. please check. greetings kindly update as we are receiving complaints from customer. greetings issue is at the ph_item side and bank business user side. as such it does not have the access to generate the report. pfa the sample report in pdf. greetings issue is not reproducible in test. greetings we can deploy in ph_technical test server at 10:45 am today. joined greetings we have done sanity testing in uat environment as issue is non simulatable. we will let u know after getting approvals to move to production greetings please advise if we can deploy the patch in ph_technical production at 10:00 a.m today? greetings thanks. please share the web ex at 10 a.m greetings word wrap in reports is happening for all ph_item customers, even after implementing the cron job to delete the temp folder from tomcat. please check and fix the issue permanently.",High
1010423,ph_user  certificate expire,High
1010426,"this ticket opened on behalf of the client , the bank request to the ph_items logs. ph_email_thread dear  ph_user the branch says that they didn’t reject below ph_items, they say that they were rejected by the system itself, can you check please and confirm if any issues in the system! regards ph_user ph_email_thread greetings please advice regarding the below ph_technical best regards ph_name  ph_user applications ph_user ph_technical ph_technical ph_technical ph_technical ph_attached_email",Medium
1010506,"greetings  ph_user  logs is attached. please check further. thanks, ph_user greetings please find the attached bank side  ph_user  war attached. thanks, ph_user greetings if this is not error then why it is generated as error, please correct this. thanks, ph_user greetings why are we in need to print these message as in warn or error ph_technical thanks, ph_user greetings thank you for the fix , will test in uat and confirm . for another comment: also, there is another exception: ph_technical in log. we are unable to replicate this exception in our local environment but still we are trying. so, better if we could connect to know the actual scenario when this error actually occurs. also, for ph_technical exception , we will open another ticket after conforming for above two exceptions in production and close this ticket. ph_technical we also dont know the actual scenario for the exception ph_technical , but we are getting this most of the time , so please check from your side. thanks, ph_user greetings as already discussed and mentioned in past as well, we are getting many errors and exception in the ph_technical and catalina log. please check what is these errors and why are it coming everytime. thanks, ph_user",Medium
1010516,"greetings i will rescan again and provide you with report. regards greetings still the vulnerability appeared as attached report. regards greetings i need evidence that both protocol are disabled. regards greetings the deployment for fix will be next week ph_technical ph_path greetings we will postponed this until next thursday , as  ph_user  extend the session for today. regards greetings thank you for your support you can close this ticket as the vulnerabilities was solved. regards greetings according to our phone call , kindly we need away to disable tls ph_version and ph_version on ports ph_technical, ph_technical, ph_technical. regards",High
1010541,"we talked with 4 customers, all of them are using the latest ph_technical version ph_technical please note that this is a blocker issue for many devices, they cannot scan the qr code totally, even when they allow permission each time, the app keeps asking for the permission and not allowing them to scan the qr code. please give high priority below devices where the issue occurs: رقم الجوال نوع الجهاز اصدار android ph_technical ph_technical ph_technical ph_technical ph_technical ph_technical ph_technical ph_technical ph_technical ph_technical ph_technical ph_technical ph_technical ph_technical ph_technical greetings i have an android device with type ph_technical, i upgraded the software to the latest version android ph_technical, and tried to produce the case but it did not appear, the camera permission is granted and the customer was able to scan the qr code. can you please advise if there is a specific scenario to produce the case? we are uploading the version to the store and will let the customer try it then will update you if the issue is fixed with the customer or not. this is because we could not produce the same case on uat, so we are not sure if the issue is actually fixed or not. the issue is solved, thank you customer app andriod: the app asks for camera permission every time the customer tries to scan the qr code, we reviewed the app settings with the customer and found the permission is granted to be always allowed, not every time. we receive this issue from two different customers, it occurs on the last version uploaded on the store: ph_technical customer mobile: ph_technical note that the issue does not appear on all andriod devices, it occurs on the below device only: ph_technical ph_technical",Highest
1010548,the ph_technical to be tested and we are facing an issue as scanner is getting disconnected,Medium
1010562,"it is working fine now, please move to production thank you all is fine now, thank you kindly note that recently after the payer id new feature was deployed on ph_name production, we are receiving bad request error on the  ph_user  initiation ph_technical for some agents. below is a sample, the agent's name is ph_name for ph_technical this issue does not occur with all agents, only specific agents as the one below, maybe because the agent name is long, please check this with ph_name team. res: ph_code res: ph_logs",Blocker
1010572,"dears, kindly set the below account as default from your side, national id : ph_technical mobile number : ph_technical regards,",High
1010597,"kindly update the below ph_technical mobile number, ph_technical ph_technical ph_technical",High
1010765,"greetings thank you for your quick response, we requested the user to do as per your instructions but he mentioned that he cannot reject the ph_item and getting the error in the screenshot please advise. regards, greetings thank you for following up, please be informed that the issue is resolved. you  ph_user  proceed to close the case. regards, greetings kindly be informed that the user can’t approve this ph_item. please advise. regards,",Medium
